6107,GW0FZJ94M0A,Diego Torres
7949,FG3VBUH8LQJ,André Arroyo
1974,RNM322NPW2B,Juliana Flores
4548,YO8MO1ZDL8Y,Jesslinne Luján
4449,9JVLII85H8R,Fabian Munives
3297,OILTI71AWIG,César Torres
7717,KRODGFAJKU2,Alexander Justo
2450,V9N5YEE7K72,Alexander Motta
8015,BYE5VSHNSRE,Jean Carlos Funes
4506,VDATNZ1M79V,John Sovero
1372,QKJ8FTC9W3L,Flavio Castro
2233,12Q1W60GMP6,Yasser Ladera
9437,BZBA3VR8WC9,Diego Lucana
9342,YATJ4BDR27K,Jhakelin Frynee
2713,9N1GCKPZJ3Y,Jhordan Chambi
1040,IPQ81BB56LL,Valentino Galindo
6666,N59TVJSE4IF,Jhakelin Frynee
8267,I8MSSIN3G6C,Franciso Guarniz
9630,455VAVU00VN,Jean Paul Galarza
2975,45S0ZJMKKN4,Paolo Espejo
7512,DMTS4ASDAV4,Luis Poma
2393,VZIJ888YHS5,Alejandro Pachas
5156,1MN7F9L78JR,Diego Torres
2041,A4BHVKNORJQ,Piero Ricaldi
3882,GI87L5WV85A,Pedro Perez
1222,CK1DZLY7Z6I,Yamile Izaguirre
4537,8P8697W383E,Juliana Flores
8655,T7E2EY3FUE5,Leonel Ortega
8327,V3KASIE9E23,Valeria Díaz
6090,0JHV0S1HLGF,Marino Sanchez
9509,YH6JTL2VLNI,Matias Ascasibe
6507,6A9C4MPIBG4,Jorge Cavero
7430,VR2O23Z2FKI,Sara Estrada
1323,BE5HO9EJFU0,Sara Estrada
1362,2S5W9S3ADGR,Sara Estrada
5347,UREE5EJM0DA,Miguel Huarcaya
3441,8R4W4ANIHUW,Jhordan Chambi
7258,KY8HEHAD09M,Andrea Gonzalez
5196,GG43FNKLWCC,Jefferson Gutierrez
7922,7J1H6N01P19,Alejandro Pachas
4142,GA7MFUAJA5T,Luis Reyes
2374,1L5NRL7YSQE,Yasser Ladera
6173,DJORA3PBP8F,JeanPool Varillas
1650,PVWDIZ0HG1W,John Sovero
2021,CTAH5IN6HRS,Abel Cierto
1114,237KKEAH712,Andrea Gonzalez
7632,7GG8N6FOS4F,Flavio Castro
6208,2HE6DYIAW8K,Valeria Chavez
6699,S04UCOC9IM2,Fabian Munives
2581,6F4IOP67E1Q,Deivis Condezo
8329,RU46LLQMVWH,Steven Murillo
3326,707QCH8MGA7,Miguel Huarcaya
3295,4OJPOHBANWO,Aldo Javier
3119,TE8CT3YR9BP,Marino Sanchez
6272,W4UYSWZB2PE,Luis Poma
5320,KBUQOPDPDTV,Jhon Vereau
7948,N53E292P8N2,Nayeli Vera
3647,U4QKFRR7HTY,Jhordan Chambi
7916,C9QD6DARIPC,Jhosaim Pocohuanca
2880,WHAJ7U4UPC0,Frezzia Espinoza
7459,U1957A5YUJ3,Jak Campos
7019,K5BNOK48MOQ,Lizbeth Olivera
3894,LW3BTUYTVWU,Alonso Robles
7660,DYR5BMJKD3Z,Pedro Rodríguez
3578,624PWMTNLSB,Janover Saldaña
2466,SPQOFT3ZS7T,Diego Torres
1639,D3PFF0YM4ME,Alexander Sechun
3455,97OYPUMLYTC,Alexander Sechun
4326,OUJT61F4DKL,Claudia Palpán
2775,I3H33KNLYD3,Luis Sagastegui
3360,PTPA4SHYDCJ,Carlos Chávez
7863,DJ2NCNALI54,Marino Sanchez
4428,G1E9KANMV4K,Jhon Vereau
6810,26DSJZ9I0WV,Jean Carlos Funes
3538,JKIBB1U2JL0,Leonardo Patroccinio
1304,6J814HLDMVL,Leonardo Dueñas
2458,405UL3U4KGB,Jhordan Chambi
9587,VOJ7C7DH1PL,André Arroyo
6982,626QRVUF3EI,Diego Gonzalez
6978,47MIRI54JSL,Arthur Luan
8269,I58NTSKKDYF,Salomon Zegarra
3170,FBEDB953204,Marino Sanchez
9024,WDOPM4QO45D,Janover Saldaña
5466,J7IAQJC6INZ,Diana Flores
2850,RY8F7ENVESK,Steven Murillo
9529,0R5YAGO8KUK,Jorge Gonzalez
9661,15H4M5U1T5P,Valery Ayasta
9591,6Q7U069ISCC,Salomon Zegarra
9324,7ZD92FIN4T9,Alonso Robles
8184,1765V4MIPDA,Valery Ayasta
4777,QTUITD7PB08,Jesslinne Luján
4717,YJZVFG22GBC,Johana Jheslin
8732,7OKQBHVJOKR,Carlos Chávez
9398,SJBURDVLSIC,Lizbeth Olivera
2287,WR787600ZBF,Renzo Ramos
4158,NB8EFIDB3VO,Lucas Cubillas
5521,ZNMZ6C0ZD9Y,Pedro Perez
2974,QTS7VH9NR2R,Isabela Soriano
3729,RFHYWHDF8F9,Villegas Peralta
2506,JMIWPA1MMGW,Pedro Rodríguez
9541,YR92GKEU4TU,Braulio Jarry
1476,UU38K1W7JSL,Maryorith Vera
3823,07NE4N1PGUF,Isabela Soriano
5600,SEF6O3RVETE,Hiro Cardenas
1039,PDASA1828SD,Aldo Javier
2817,GTZV01UC539,Sara Estrada
3529,06YN7PR9WEG,Jhon Vereau
7928,2LMTKTZ92QZ,Sara Estrada
2146,TA11LUFTE7Y,Jorge Orrego
8503,J011SOBWNY2,Jak Campos
5064,SBU3J5F8RQ1,Kurt Puican
5786,Z003KPTHLM8,Diana Flores
9347,RZU1OF9T78R,Jhon Vereau
1894,ZY88RNFSD0J,Eduardo Chero
9662,ZQON67LK3RR,André Arroyo
8829,HB0RQNHB7Y9,Diego Lucana
4981,S3DGP7RV6AT,Piero Ricaldi
9345,LHJYJ8YYL7N,Fabian Munives
4856,432QWHNC9PY,Jean Carlos Funes
7402,K9RS9769L1J,Fabrizzio Castro
2603,3TOQ1CDSO3H,George Mendez
1968,KQW8RKCOQAD,André Arroyo
9495,8IOFJRCUH9Q,Carmen Orbezo
1083,C1NQSD1YGMA,Pedro Perez
3140,3YZ79D3PS2R,César Torres
6350,ATNDBY7RN5K,Diego Torres
3124,6P2V466IDWI,Luis Reyes
5899,FLUAOHR3NW5,Franciso Guarniz
4951,ZZ4M3CP9J8D,Nayeli Vera
1683,0A7OACYDGJD,Braulio Jarry
3994,BFJPHTADQ5P,Eduardo Chero
1158,MZUNIC9HVUO,Natalia Robles
9199,U8UOFKVWPES,Oscar Torres
6512,57CD9KHBVPC,Abel Cierto
8746,95N5TTJHUYC,Jhordan Chambi
9079,YCYFWV0CLO2,Jorge Orrego
5541,7KNY7RHLTY3,César Torres
1216,B1ATJL14MC0,Fabrizzio Castro
3489,6R717ROYN6L,John Sovero
2040,PQL94098KH0,Luis Sagastegui
6832,BUSB9EZ1N4M,Gabriel Rocha
7452,IEZSP2Y84Q7,Diana Flores
6744,J7HW025G0W2,Pedro Rodríguez
6572,92P0M1M2LCG,Sara Estrada
3319,WPN5K8UK4VN,Jhordan Chambi
1088,IIA2366POFZ,Carmen Orbezo
4002,IFZ3W3GW8R6,Hiro Cardenas
1849,BVRUEV42WYV,Jhon Vereau
9418,Q0THQQ19E64,Yasser Ladera
5058,RYIL786WVCB,Miguel Huarcaya
7151,G7Q1W0NABZE,Valentino Galindo
8683,I0N369N9CWP,Luis Espinoza
9959,LYK7GZ6ILD2,Norel Vidaurre
6243,F95K42REPYA,Jesslinne Luján
9470,8JGMBGWKLU8,Jean Paul Galarza
3593,C0K679YVNIB,Aldair Minchola
8899,LBBCK0ZSJ50,Leonardo Dueñas
1073,9W1BJ9V4WN6,Jean Carlos Funes
8555,J17T61B4K6D,Valeria Díaz
2200,KBWWEQRUMEG,Valeria Díaz
7548,M7NDFWV0HV9,Diego Gonzalez
2990,HY6RCIDFZH7,Alonso García
3799,D58QS3QRMUI,John Sovero
4457,T0UPQJLHVQS,Jhakelin Frynee
3809,S1P424D7VE9,Jean Carlos Funes
6068,67SONJSG6FJ,Fabrizzio Castro
7468,U11QKUL4OVC,Valeria Díaz
9531,R6K1C6RKQRR,Julio Mamani
5781,IAUB44FG04W,Renzo Ramos
1665,11MUH6QL9VS,Fabian Munives
2801,AGU58GKCSHV,Huaman Nilton
5824,CMIN9WTK1KT,Sara Estrada
1669,TUS60OULGBM,Jak Campos
6017,DYE3HD4K545,Ricardo Tejada
1422,STC0JU1MT8B,Jessica Comettant
8039,VI6OPDAL17P,Lucas Cubillas
2823,Y0PI0B8KCBS,Aldo Javier
8826,YUE9UH6L6M8,Jorge Orrego
3783,JTQWNKRISEW,Marino Sanchez
6451,Y4E7YPJ7H88,Jose Montoya
5432,74G9V6261FL,Luis Espinoza
5655,H87UF9YTC9T,Alonso García
5343,HR1IE6OT0DA,Luis Espinoza
5954,YZ2USNOKQRK,Abel Cierto
5469,KGKODS68JAT,Jose Montoya
4747,S8JACDFOGL2,Diego Torres
8868,5F8OVRJE5NR,Sergio Tavara
9354,BKD8DZ83VLK,Deivis Condezo
6393,62ICB6A3JEE,Piero Velarde
4814,PBL20POHVJC,Isabela Soriano
9144,1TSISGDU20P,Valeria Chavez
4623,OY9NOKG9GHD,John Sovero
6581,NQES2I4T90H,Luis Sagastegui
7641,33LMQB8D17P,Valeria Chavez
6838,CKGU8HK5AOD,Fabricio Huilca
8276,C62PSDGARPW,Fabricio Huilca
2748,5HIWRH09GSS,Alonso Robles
3421,Q62I8V1QCJ6,Marino Sanchez
3451,VG65B44P60H,Pedro Rodríguez
7564,7SS1CO60DPR,Braulio Jarry
2710,4S1Y1NMQLU4,Villegas Peralta
4531,LSHH9Z84U34,Xiao Li
7573,M1KSGMEESSR,Frezzia Espinoza
2016,8B3OAF4TUGK,Ricardo Tejada
4549,S5MN8JJ5ROE,Marcos Olivos
9539,UE55NUIWD1Q,Piero Velarde
9385,3VZN99RZSY8,Paolo Espejo
6653,IYEPM6BHQUH,Sergio Tavara
7573,BV9FUSYO6WN,Braulio Jarry
9267,RCR66R9LQN8,Jose Montoya
6486,HCN8Z65C0QI,Juan Porras
7394,KIL5RK3TCKS,Frezzia Espinoza
1737,BKK82BT4FSR,Alexander Sechun
8606,YUJIMD763M8,Alejandro Pachas
1925,BNAW1DBSBOK,Miguel Huarcaya
6989,Q7FBFZ3S19V,Andrea Gonzalez
3518,A2MQR0JZD1F,Valery Ayasta
4424,LI6P95CNPIU,Janover Saldaña
1924,QZCNBQLDF4V,Brenda Pamo
4914,6826MD9UP2V,Alejandro Pachas
5167,ZT94I8YSCYP,Jesslinne Luján
1015,BJ4HIJY53T2,Juan Porras
5057,EFNE259IQZG,César Torres
3197,ZF3BSJLN9N5,Juliana Flores
9215,3WDZALE1CN5,Frezzia Espinoza
4029,5ZUQNTYTECF,Jorge Gonzalez
1707,DTU25SBWPFL,Jorge Cavero
2054,UL2LE84PK67,Jean Paul Galarza
5389,6GYWW306W3P,Sergio Tavara
1670,I75D9FUFFYL,Pedro Perez
9078,6AM4EV6BZBH,Johana Jheslin
7551,AZ6VVUPP3F4,Oscar Torres
3395,4WR4AWCMJM2,Luis Espinoza
1181,42A04EU0OK3,Abel Cierto
6893,KWMS6DRH9YC,Diego Lucana
9051,AJBNHJQDT97,Jorge Cavero
9252,7Y8PELPQWHD,Johana Jheslin
4992,ATGRW4EETQY,Aldair Minchola
2374,D4COCLB5NUW,Brenda Pamo
6814,JB1KGMEAMSV,Braulio Jarry
9967,0YMDT0ZD6Y1,Valeria Chavez
4784,CJJJD46A5SF,Lizbeth Olivera
5721,8P3HC5EU0G2,Marcos Olivos
5711,1O18IB4LJW2,Ricardo Tejada
6218,0ZNM947CYAE,JeanPool Varillas
2969,DPE5BNMYE85,Abel Cierto
2545,E6M04V938LE,Fabian Munives
9817,QV5N9VYB063,Valeria Díaz
2613,MFGPDY8IIGT,Lizbeth Olivera
5057,K2LW2ZLNAOM,Jhakelin Frynee
5394,3O7B0DGFD8P,Edson Mendiolaza
5538,1YC3V9YBBPD,Isabela Soriano
4393,HQJYE38B9H6,Braulio Jarry
1032,JM3ZUUNRZMN,Piero Ricaldi
4412,ULGEW09T0LC,Sergio Tavara
8945,G8POQRDFS6B,Flavio Castro
6844,0LMJHC6BSHE,John Sovero
5441,QDFELSWQ4ZK,Juliana Flores
4231,98T73834KHD,Jak Campos
1077,A3NQJBCEF7R,Diego Torres
8410,EJB4EKP8627,Luis Poma
6893,JY3JLKMZZVN,Nayeli Vera
7324,O7SIM6NZOGM,Paolo Espejo
3812,VNLRVR9VQ76,Luis Reyes
1553,IJBAECH0UGV,Maryorith Vera
5708,34YOI2YE243,Huaman Nilton
5883,6RPHQ3PLMLM,Lizbeth Olivera
1766,1EIVRFHLCFS,Marino Sanchez
2636,7A11166HI7J,Aldo Javier
5086,J75YK4EZMOO,George Mendez
7673,ZBALSNFYG5O,Steven Murillo
1701,RPJONG5G9ZQ,Johana Jheslin
5157,VIV4P6Z2FDW,Luis Sagastegui
2421,H2SJHM4OSFK,Villegas Peralta
5064,VN0WHZ4FID4,Steven Murillo
3919,4Q2K0W53H7A,Huaman Nilton
5138,MHMHUS2KO40,Leonel Ortega
3525,Q0K3J6Y3RE8,Jorge Cavero
4191,801NLNI5YPR,Jorge Cavero
3597,77T99ZGJAHD,Xiao Li
5859,6HH8R63PPNV,Leonel Ortega
9782,EPPVPCNCW5G,Sergio Tavara
9024,G5ADDG69N1U,Ximena Casola
9564,7686B1JPG5D,Xiao Li
4742,06VWR3BM0HD,Edson Mendiolaza
1266,QK1WV4TWE2F,Juliana Flores
4984,5KL7N2YSVU1,Jorge Cavero
8017,IT945DODZTB,Miguel Huarcaya
5365,O8MHPRICNNY,Miguel Huarcaya
8631,YA84SQ4AGRF,Johana Jheslin
9364,N2UF9O1Y1ZI,Maryorith Vera
5682,PA4AUNTI19L,Matias Ascasibe
4922,HQUWW7V6K2W,Pedro Perez
3019,8NDYFQI8VEZ,Alejandro Pachas
3353,WYFV5DQ2LY4,Ximena Casola
6691,W5ZJSU5ZMMR,Frezzia Espinoza
2266,1Q706C60YLW,Aldo Javier
2190,YHA2KDAQP0G,Luis Sagastegui
5592,SB1969YRNMV,Brenda Pamo
3460,JQ0GYW7FFDC,JeanPool Varillas
7956,6KYWSZLMUVV,Leonardo Dueñas
3294,LFDZJP45N38,Jhon Vereau
7647,UT76E6FHBHY,Valeria Díaz
8557,HR9YI07KS4D,Fabricio Huilca
2350,PCTO947M7V7,Diego Gonzalez
4962,TSBG1OGDHGZ,Valeria Díaz
4116,GBMQNCVWHT0,Andrea Gonzalez
4243,HLDW0SSGV3K,Jhosaim Pocohuanca
5602,0YAJOJ55ZE1,Diego Torres
2648,I328E975ARS,Lizbeth Olivera
9768,9TWQO93RE9H,Eduardo Chero
8612,IDWLTSR055D,Miguel Huarcaya
8867,PB9RI65PYZJ,Leonardo Patroccinio
8101,TENZ4U9N7WY,Aldair Minchola
2837,9TY6BA2VNQ9,Jorge Gonzalez
8442,3WMDHN7QE2A,Pedro Rodríguez
2947,74NP8GVB6SV,Carlos Chávez
2847,PT9GKSOFOKW,Valeria Diaz
4479,OTGM86WGIIT,Jesslinne Luján
5991,25NPK1R07PM,Valeria Chavez
4608,80HGHYL6U8B,Aldair Minchola
5166,RLVP9W77YG6,Edson Mendiolaza
7476,I7E5GQWSSQL,Jhosaim Pocohuanca
6772,D3408TUP937,Huaman Nilton
8235,5CGW62VEJEJ,Marcos Olivos
2785,2VU1VUM6KHO,Diego Lucana
3483,FLIUSRP81MS,Jean Paul Galarza
3601,U0JIPDU6JWM,Yasser Ladera
2844,TZMUE3D339V,Hiro Cardenas
1638,5W4KOY3I6Y9,Braulio Jarry
6449,QMM5TLOY7WK,Janover Saldaña
9273,M8UK6SK8WJT,Nayeli Vera
2047,IDDLEEPTR00,Luis Reyes
6835,C5R6NHI5KHN,Flavio Castro
1946,H3KWWQ7H6L8,Huaman Nilton
5604,TKIF308ABAN,Johana Jheslin
2151,IRIKMHLMN4P,Piero Velarde
3250,7E5J6Z2ZWOK,Lucas Cubillas
8881,278IYW8B0QF,Jesslinne Luján
5826,1EFVYQOLW2N,Luis Poma
4606,Z753AU66KDN,Edson Mendiolaza
5270,709QP7KQUTM,André Arroyo
8843,4GJ19JLKFZ9,Maryorith Vera
7751,7GK6GYQMGM9,Braulio Jarry
3660,ZEP26MYG3KM,Valentino Galindo
7063,3JBRMO7UBT1,Oscar Torres
5539,B573T73GOHU,Diana Flores
4921,SW5GFASQBWZ,Piero Ricaldi
2635,9PW0908ZMR6,Marcos Olivos
2815,4TBM5BBL50I,Diana Flores
2072,BOHODCFNRKV,Paolo Espejo
7526,2E4MVYWPB9Z,Jesslinne Luján
7501,ZSZ2BIZSC0Z,Jorge Orrego
7297,QT9T50P8GLM,Leonardo Dueñas
4351,CFL9KCF85WZ,Alonso García
6027,B95JNLRNZ73,Flavio Castro
5164,SVF4FOCG7JB,Steven Murillo
3663,GZFEBLCPYVB,Franciso Guarniz
1781,1VB5FWVS5TF,Matias Ascasibe
2877,CCBAV3E2KS3,Valeria Díaz
6976,Q79JOFKVK1V,Renzo Ramos
5194,A4SCQG17W16,Jhon Vereau
8272,F31U27PJOO6,Miguel Huarcaya
4885,MGL0KW32QSK,Diego Gonzalez
7354,LKK82NSZIUP,Leonardo Dueñas
7224,DC1FN6V96W5,Flavio Castro
3933,ZY3J9E4631Q,John Sovero
9886,QDSI8OLWLTZ,Diego Lucana
3102,GBRY3FH8YTH,Luis Poma
3230,FGUPF7683JZ,Frezzia Espinoza
3695,TP1AQLMVNQ3,Valery Ayasta
2992,66FT90ZYB83,Ximena Casola
2911,H0HB4RORJJ1,Jesslinne Luján
9323,1LJM1N1VORI,Braulio Jarry
6059,T0BODWJQO62,Luis Espinoza
7775,035ODL6GZZS,Sara Estrada
2567,DHSTURR6Q9Y,Diego Lucana
6772,COQ1N5U8ZO4,Luis Reyes
4723,UJ8L7P27P1U,Pedro Rodríguez
5627,EN8KNBM3NFL,Fabricio Huilca
8475,QZL1Y3YWMN2,Valentino Galindo
4852,NR1VRGTW04W,George Mendez
7517,K6ONC4I1674,Franciso Guarniz
4161,HL4GC7GMJI6,Pedro Rodríguez
9793,31ALFP4F2YS,Diego Lucana
4719,8S5FHH4YZQQ,Oscar Torres
7311,RMLIYALB4E4,Piero Velarde
8358,UM25PHHFKMA,Valentino Galindo
8498,ODP98QQF8FO,Aldair Minchola
2096,U966NQ79UR7,Valeria Diaz
2792,UCVYEQRK497,Juan Saravia
7369,7LVWL8AREER,Diego Torres
6918,R1KOEUSLU1Q,Norel Vidaurre
3868,CS62O662BHS,JeanPool Varillas
6306,LC6WK7LLCS2,Alejandro Pachas
1964,ZA1IF6OOWMN,Jorge Cavero
6743,26FZJ0S9CVF,Alexander Motta
8007,GJ0SK8NV1M9,Matias Ascasibe
2692,49UTVE9LLTL,Andrea Gonzalez
2401,R5LSF4J1AEV,Leonardo Patroccinio
6806,DQ3Y97R4LD5,Lucas Cubillas
6066,WCW94QP1Y2A,Janover Saldaña
4381,Z62SDW50BYP,Sara Estrada
5782,KLJ3QH50VKR,Juan Saravia
3403,WS8KEWBEU75,Valeria Chavez
3083,OSUNGDOBLS0,Valentino Galindo
3421,UITQJ2ARLM1,Jean Paul Galarza
4592,T9NYF8IB93K,Brenda Pamo
7498,P1NAMDSWVFY,Piero Velarde
3740,7YH38HPIE85,Julio Mamani
7723,NO0JG66FDCR,Leonardo Dueñas
6780,VJK4496O7VH,Edson Mendiolaza
7010,9QUJSA1ZL8B,Jhon Vereau
3666,0AQDN0ZZ706,Valeria Chavez
8388,5H02C5NJ58W,Jhon Vereau
8739,7LHOSZJUELJ,Valeria Díaz
4873,SBIHLMA4LIC,Valeria Chavez
2496,E967B82ZTCZ,Maryorith Vera
3959,HOQBHRP2F30,Juliana Flores
5872,PHZTS0JCQSS,Jorge Cavero
9349,CI9U1JAVRN1,Marcos Olivos
9769,BPG9JHCIIEM,Ricardo Tejada
7221,GRQNUCE9TTC,Braulio Jarry
6163,MW05ZENZLN5,Jorge Gonzalez
3252,MYDS8D48KT7,Piero Velarde
2328,JTG8786WM9L,Marcos Olivos
9594,V6PEGMBY0PV,Steven Murillo
4596,T622YPT2YSO,Diego Torres
1457,JRSC59MPGRJ,Luis Espinoza
2073,0KK7NUO7E2E,Juliana Flores
5698,RD38WZBWF60,Fabian Munives
7783,0ITSA2IAL4J,Jhordan Chambi
7600,A1AI76AJVCE,Jhosaim Pocohuanca
4574,4C6VDKHC4PO,Eduardo Chero
5827,403IB9D4U0T,Pedro Perez
6490,J3ZZYRYN7SU,Diego Torres
9725,7B95UYDWGQ6,Fabian Munives
4036,AHKMSV43JJS,Jhakelin Frynee
2220,KNK3308ZW6V,Isabela Soriano
4267,K6701PU8TW3,Matias Ascasibe
9971,6RYSP0CITVF,Diana Flores
8213,5UGO2VALO4E,Carmen Orbezo
8203,ME20AC6FZTT,Aldo Javier
6569,8PTWS4RHPPN,Salomon Zegarra
6180,VRGZREV1YA8,Luis Espinoza
5096,3GLJ5QPTYHS,Gabriel Rocha
8211,T1MJ6FS37CZ,Jean Paul Galarza
3854,LOD90P3PLMA,Yamile Izaguirre
9912,R2PLY3DFFIS,Jean Carlos Funes
3366,17TT6LHHLDI,Eduardo Chero
8941,QYNSNK07LBO,Sergio Tavara
4591,TYJBT871HAT,Jorge Gonzalez
3067,SNRIF479D12,Jose Montoya
7369,IP40N2KFLDN,Abel Cierto
5979,ZG1PTE2RFJS,Johana Jheslin
4597,YT2GW1CF7IS,Fabricio Huilca
2310,1690DHKLAL2,Fabrizzio Castro
8274,1ESMTAD8V7C,Yamile Izaguirre
7102,SQGOVTHRFDL,Luis Sagastegui
5668,05MPVIQ20EZ,Oscar Torres
1350,1ENP22TDEPJ,Natalia Robles
7464,6KKDRHRT9UU,Piero Ricaldi
4941,YUIUGU0FYDE,Juan Porras
1001,YGRRDUT6KPC,Sara Estrada
2332,AE65M2Q902V,Diego Lucana
1114,GH9IKRH2ZC7,Jessica Comettant
4447,LP82AAUF95O,Johana Jheslin
5552,IOGI7S5V7AA,Jorge Orrego
9655,03ZHZFARL60,César Torres
7763,J3AKJ7D50G6,Jean Carlos Funes
5276,GP0O5ANHFJI,JeanPool Varillas
9879,QPRB384V1JK,Diego Gonzalez
3081,ONJWZUDTWHP,Alonso Robles
7070,S9L6H4OVDCZ,Jhon Vereau
9351,N97WPV8F72R,Arthur Luan
7930,RFPLV3RVQUU,Frezzia Espinoza
2228,FSDBC1CCB3Q,Jak Campos
9950,M8I6JEZN7OB,César Torres
6054,ESFJIHNWNCY,Carlos Chávez
9272,ZSUF99A2UII,John Sovero
4112,822KOP1IBTR,Hiro Cardenas
4074,PGP51J3L6KC,Jhordan Chambi
4455,ORNYF11SW5C,Alexander Justo
1196,4R0E4SN6ER4,Norel Vidaurre
3026,AM22RZR9Q9Z,Juan Saravia
2795,4Y6L6JVCATI,Alexander Sechun
1190,PYG364KOVZL,Diego Lucana
1678,I1HMHQR9KOO,Pedro Rodríguez
8837,C0706FLRKCS,Juan Porras
7067,Q77PM3VKIF1,Luis Espinoza
2038,A19AG2ZJJF0,Diana Flores
3747,WAQ0AM7F2QN,Jorge Cavero
2073,KSWUVTMTPRV,Braulio Jarry
4094,G6617M8IHYP,Jefferson Gutierrez
4015,J9TOJAA1VC0,Steven Murillo
2398,FQK25OS8U67,Johana Jheslin
5726,6DPW5VAWGO6,Jhakelin Frynee
1975,JKZOGQ5MUGI,Jhosaim Pocohuanca
8087,O4Z9JJPQ85G,Isabela Soriano
8155,M1PTA9QR31E,Jorge Orrego
1256,LMY9JNPLNPL,Jhosaim Pocohuanca
8605,0CCO7Z4G5NB,Piero Ricaldi
9608,QVKECOOIELT,Marcos Olivos
2768,F82CWY7CDIO,Luis Espinoza
6732,DCIMBELN6S8,Arthur Luan
2388,UHSJ43UC6C2,Luis Reyes
8376,A4BIZEY0D9U,Carlos Chávez
3918,U3ACWDCYVKE,Luis Espinoza
2522,BSGY9YND033,Flavio Castro
5902,LR7RPYDT7JM,Abel Cierto
6179,3LLYKVLAN2W,Valeria Diaz
5329,ZJKPAFYUDZU,Jose Montoya
9423,MWD165SZV7U,Ricardo Tejada
7377,Y8ZPM5O3H20,Yamile Izaguirre
9604,Q3HBVC6DFSE,Brenda Pamo
2101,BI69F583V0R,Arthur Luan
7698,CYFM3ZVKCSD,Marino Sanchez
4232,6MNUZ8EQ1NS,Carmen Orbezo
1763,RS221Q07IJC,Leonardo Patroccinio
1319,ODITHIBVR9Q,Jhakelin Frynee
6387,JO81ZS76FC3,Valeria Diaz
1303,LMS30TR8E5S,Jorge Gonzalez
3939,H08GOQ35E5G,Leonardo Patroccinio
6835,83W97R5H2H2,Alonso García
9886,L4WEHH6BOQF,Braulio Jarry
8483,SR43E3EREA5,Janover Saldaña
8001,TMTA8AI7ZPO,Hiro Cardenas
7627,MP01I9RYAJE,Kurt Puican
4396,BTR6020EF7A,Steven Murillo
9106,WIGL42ASLGI,Edson Mendiolaza
8449,EB13VPTIKQJ,Paolo Checa
2043,A2YA8D11G6G,Johana Jheslin
9661,ERMP6B7DBAY,Nayeli Vera
3501,PG5DMFTMUHH,Valery Ayasta
2551,IZHNKIM3HHU,JeanPool Varillas
3980,YT2K710J6OE,Pedro Rodríguez
3826,HB51NPBNDOA,Brenda Pamo
9912,QO2OWUH48I2,Franciso Guarniz
3855,YIDF2W3KLAS,Paolo Espejo
4760,30ASQK9SK4U,Diego Lucana
1747,8O080O77ERQ,Fabian Munives
7498,4AMPVHYCTML,César Torres
3189,SS8IUJA0LFA,Leonardo Dueñas
7932,V74ML3V6MWZ,Lizbeth Olivera
6633,SQFS0TTGFJN,Luis Espinoza
8916,1NYV5DL5SGM,Lizbeth Olivera
6111,6WZIJTNTRL1,Aldo Javier
7797,HYHI1EWOY8F,Juan Saravia
2403,6LZ9JVMBY5A,Renzo Ramos
3591,WR9A036JZ8P,Jhordan Chambi
8695,7V0GLDQTP4Z,Villegas Peralta
8390,HOE2B3UO1MN,Xiao Li
4251,93MIJ9EIOHA,Jorge Cavero
2114,PWJ6NJMK0BK,Alonso García
2942,NN83Y3NAG6R,Juan Saravia
4240,CTB2ZMR6TQA,Hiro Cardenas
7145,8GVUU368D0G,Lucas Cubillas
2278,5CPRJ9ACHVA,Alexander Sechun
7885,T81V26T80T8,Renzo Ramos
3870,75CV7ZSLWU1,Piero Ricaldi
8522,1MEPSY55CEZ,Jorge Gonzalez
8482,RUKNGWI5VMQ,Yamile Izaguirre
2689,G0VTNJLDTNN,John Sovero
2192,0WZGZ7QDI1B,Abel Cierto
2857,Q77E6KYGGBK,Juliana Flores
2328,YYOT1S2TDIC,Jesslinne Luján
9484,JWUMQ40R25I,Alexander Motta
9529,EPBC1KMVCGT,Janover Saldaña
9044,J9PHRW94SQ6,Diego Torres
9121,3IK0JC7PBQI,Fabian Munives
6044,0NY9ND6L4R9,Renzo Ramos
3900,C0ULL5ZG30I,André Arroyo
3895,1GY6NIRER7H,Xiao Li
3711,9ZFD347PHDL,Yamile Izaguirre
7015,GFLZUAC56PS,Jhordan Chambi
4117,TOS0D4SFHZS,Matias Ascasibe
2373,D3FYL07TRRM,Paolo Espejo
8961,031UQWB5UFG,Claudia Palpán
4238,RADQ247IJOL,Renzo Ramos
7590,6OETI5Q3TW2,Miguel Huarcaya
9987,YZM2O6ZVVQ4,Claudia Palpán
6487,SQA2TAJJ70Y,Yasser Ladera
3565,LG4BD6WPMRT,Miguel Huarcaya
2835,PN9B7ZASY4M,Julio Mamani
2352,27JN1H6B39L,Aldo Javier
2969,F72O07QHEKY,Leonardo Patroccinio
9548,PJLIW9OKFP9,Franciso Guarniz
7456,G4PHA0WJD0H,Kurt Puican
4757,6TP80Z52YDD,Jessica Comettant
2520,ZBED86G6NYP,Gabriel Rocha
1411,NLWZTUUHJYR,JeanPool Varillas
8516,ZKA78ERBSJS,Alexander Justo
5791,G2QO23ZMLUE,Nayeli Vera
7238,906W6R5U5RK,Alexander Motta
8314,9U4CZ24NVR4,Piero Velarde
5788,C861DK91VLZ,Marcos Olivos
1626,KG3ZUIJ6NIK,Nayeli Vera
2021,9VJSZWLJGAE,Jessica Comettant
4098,9CUE9WBT1QH,Valeria Díaz
9173,OMKL7BWC2Q0,Aldo Javier
5760,HC6G4PS5Y02,Fabian Munives
3878,2GMLKRSINVC,Jhosaim Pocohuanca
4814,7DB6TK9EE3I,Flavio Castro
4184,5Y8GJF3SE8P,Diana Flores
3633,IGN7Q1D9IL9,Valeria Díaz
7279,8L55GHJ0RR2,Isabela Soriano
2454,EKK0PMUQHV4,Villegas Peralta
9717,7VKNPSJWENG,Jorge Gonzalez
8065,31O9RLIZVA1,Miguel Huarcaya
8241,SG5AAOY45DD,Aldair Minchola
8391,S3U1HKU21H0,Jean Carlos Funes
2555,VWT6UT5JZHJ,Jorge Gonzalez
7463,VO29PBCNDZF,Jhosaim Pocohuanca
9041,P81E06Q3ZD5,Eduardo Chero
1839,B6PDEZM6Z92,Pedro Rodríguez
5837,SVNML1B21WK,Oscar Torres
7569,1QKRNTD224M,Hiro Cardenas
9333,T1AE3BCPDEW,Carmen Orbezo
4083,AAV4IV2YD44,Villegas Peralta
2259,PJCNYTK5UQ3,Flavio Castro
5410,JK09629MVCK,Lucas Cubillas
6761,TO476FOQPN2,Ricardo Tejada
2211,V80EK0WOP35,Fabian Munives
4615,JW6PBJZ8UPQ,Juan Saravia
9274,3Q0YYHGOTEI,Jefferson Gutierrez
2396,16UBQRIGQ8A,Oscar Torres
2626,T7430VN7TLY,Pedro Perez
9874,ENC64A1F5LS,Jhakelin Frynee
2285,68I8Y0CS1Z2,Leonardo Patroccinio
7300,VA4SMWGTRVR,Isabela Soriano
5407,Q7CBSUB6LKN,Huaman Nilton
8672,P9KYH8G8ECJ,Pedro Perez
5188,2LRVKUSKP1Z,Julio Mamani
9925,9BCJ4AR1A0Q,Leonardo Dueñas
4163,0BAIOWZ450U,Jefferson Gutierrez
9942,9W8FVAIYA0Z,Diego Lucana
9153,ENFEM4VGO8N,Carmen Orbezo
9560,5WKPOZ7PSO8,Eduardo Chero
6679,9C1RGCW7O5J,Arthur Luan
2648,IBB5OAKKRDE,Carmen Orbezo
3284,2JIY2NVKPJ1,Juan Porras
2281,JS3E50YY4AC,Edson Mendiolaza
6597,7UNVL84KAHR,Jhosaim Pocohuanca
3263,L1PRBRNDQRJ,Diego Lucana
4379,6IWCI4ZASKS,Leonardo Dueñas
6283,T4GHKZDNP3S,Alexander Justo
7453,V0ZOFK0R9GF,Abel Cierto
6935,CMIKI30QFU1,Deivis Condezo
9052,ZIV11OG7JEB,Xiao Li
4099,310ER1KNRUI,Diego Gonzalez
8366,NIPTZPSRROK,Andrea Gonzalez
4966,012SH20P5BC,Valery Ayasta
8054,TIPTPZ6AM19,Lizbeth Olivera
4531,K8TJI51L7Z8,Sara Estrada
5641,7F2TNSALFZP,Luis Poma
6640,IU5O33KNH4K,Norel Vidaurre
8369,Q3U3KL9A47V,Oscar Torres
5630,ADE9HP8F66M,Jefferson Gutierrez
2346,EI100FTVW0M,Diana Flores
9042,E6H8TCMFBCV,Luis Espinoza
1126,WNFVA80YCCT,Paolo Checa
4819,HCA8FFOUSIT,Villegas Peralta
6863,09DK8HFUKT9,Lizbeth Olivera
6859,MG9IV1VWDN0,Eduardo Chero
9963,B2KV4G9WV5J,Luis Espinoza
2612,HU028S6UOVF,David Roca
1168,14EN60KT5NK,Juliana Flores
1803,T9ECUE4TJM6,Jhosaim Pocohuanca
6945,YFMNU8UKHPM,Eduardo Chero
5788,W56U7ZVKQMO,Jhakelin Frynee
8620,MK24BS2WG74,Marcos Olivos
7725,4MES2M2017C,Villegas Peralta
1372,VY9N7352SK7,Jhakelin Frynee
5696,9SFYZB3SRAE,Fabian Munives
8715,DM8TDGP5Q5B,Jorge Cavero
1434,JI32UVSUF7I,Jorge Gonzalez
3079,QIRO2FDD0ES,Jose Montoya
8694,5W1BPAOZ3KP,Renzo Ramos
2595,5PVOLDM5N2S,Luis Reyes
1263,Z56Q2AWV0C3,David Roca
2225,ZLZNRNJQIKL,Alonso García
5763,7YOPMGDYCVT,Piero Ricaldi
7597,151E274F1AO,Huaman Nilton
7849,NKOH3EQQZ9T,Diego Gonzalez
7325,3ZHKOJO87NC,Juliana Flores
7550,50QCD23LII7,Andrea Gonzalez
1040,9ENJDDKJ5QP,Lizbeth Olivera
4415,2RB6RA6A2KN,Jhon Vereau
9833,CPK8ATWJHT4,Leonel Ortega
6777,PVGGA07LLK4,Franciso Guarniz
2179,LOL8ELVH3RW,Alexander Motta
7093,618W64DRN2A,Villegas Peralta
7344,2CSPTVE9US6,Villegas Peralta
3478,4C7KQS9U0OT,Jean Paul Galarza
5132,2KIUIUDBQ17,Juan Porras
5273,QHEL3P10R32,Braulio Jarry
4891,S83ZKNQNSRJ,Juan Porras
7287,DUYN151QTNI,Fabrizzio Castro
2771,Z47HI2NLS8Q,Aldo Javier
7573,KY8AE9B9VS4,Aldo Javier
1416,8DO6QO2V06F,Jorge Cavero
2998,HDQB389NPU6,Claudia Palpán
5888,T58YYG149IJ,Braulio Jarry
4181,3G2AZG5ONME,Carmen Orbezo
7647,J3RM8WUOSBL,Alonso Robles
1974,WMMJI4EYOLD,Nayeli Vera
2038,GSW1SR1CL34,Jak Campos
9998,R60Q0RRPV72,Salomon Zegarra
2629,FKZGELWM24B,Flavio Castro
1518,0MSIOEF80ED,Fabian Munives
8604,E27U2M9MKNN,Norel Vidaurre
1409,ONGN7L621WR,Andrea Gonzalez
4488,RUJ83L99DTZ,Brenda Pamo
3301,V9YRCG1RRZA,Jean Paul Galarza
4242,7RIIARIG76U,Valery Ayasta
1818,ASWE7W4I8LA,Fabricio Huilca
3076,WS77G5CBZWH,Braulio Jarry
8181,4C9HLK8T0VS,Villegas Peralta
5536,BLKRN0PVIO2,Renzo Ramos
2636,LZH1M546J0Z,Lizbeth Olivera
5207,168OJQ58K6Y,Abel Cierto
2457,1PCGW6CB9G8,Edson Mendiolaza
9021,QGFIQGI34KS,Diego Torres
8089,YUMS64MN6E4,Leonardo Patroccinio
4612,W6T17D4OFV9,Alejandro Pachas
8268,RO3LRHTL85M,Leonel Ortega
9343,B0C5TMA97LQ,Fabricio Huilca
1684,RC81I8H5G4N,Juan Saravia
9745,3E8H38CTVIY,Salomon Zegarra
6465,78SWLU0VAHD,Julio Mamani
1941,TQCI3DMTG18,César Torres
8307,GZTTMHQ1RA7,David Roca
5285,FULFJD071FO,Abel Cierto
9869,AMJYAKGG4M2,Renzo Ramos
4483,3URCCGT65GP,Fabricio Huilca
9153,U1SP59IGYCL,Jessica Comettant
6603,RRJ2CKU466W,John Sovero
4999,4VGH1G3KSRH,César Torres
7286,6T60GULCACY,Ricardo Tejada
8307,YGBZCWI9HG2,Frezzia Espinoza
1332,7TRYG98YRQB,Diego Gonzalez
2817,Z86CZF0P3H5,Isabela Soriano
6249,GEI7YR7HDIL,Arthur Luan
1627,Z4BV09N6GBU,Janover Saldaña
6803,DQE75QIO1Z9,Flavio Castro
2279,JH29GN9B217,Ximena Casola
1674,5C1YSV2BZ9Q,Aldo Javier
3159,KFGJ48IJZMI,Jhakelin Frynee
3621,FQ7PNJJWUIW,César Torres
4743,RAARRJKGP1G,Juan Saravia
3457,WNEGN1ZVVUI,Oscar Torres
8741,G8VID3P0OMP,Fabricio Huilca
4443,HHR1IF13VK3,Julio Mamani
7929,W1JKPRCH4QU,Paolo Espejo
4365,17GYUIKG7WS,Jak Campos
5384,YZY020NK3F7,Miguel Huarcaya
7360,GN65OR80QQB,Juan Saravia
7133,VBDY7V6UBYI,Jhordan Chambi
5934,O2JC1JAK15C,Alexander Sechun
7880,F3JI637PWPI,Ricardo Tejada
1375,ZJ4G9UA79YL,Oscar Torres
7746,9YCKEMVZRPZ,Valeria Chavez
7694,NGCB171SYFG,Oscar Torres
4815,D11M67FNHD7,Jorge Cavero
5257,N50GARL0SD9,Frezzia Espinoza
5054,HPUTAIW8KMY,Villegas Peralta
7638,UMWOPBQT06O,Jessica Comettant
8703,AQORVYFFUNL,Sergio Tavara
2333,84S4SRB4YKQ,Matias Ascasibe
7201,H1V7LDJF1QD,Lizbeth Olivera
9356,NDQM5WPLK7J,Jorge Gonzalez
1344,GJWNRHG985W,Piero Ricaldi
2125,EN42KQL9YB8,Jhosaim Pocohuanca
3507,9NL7KFTF9Z5,Jorge Orrego
8036,OMOTGSWBWS9,Valentino Galindo
2520,20LFFHLQKW4,Lucas Cubillas
1447,83U1IKE57EP,Natalia Robles
7643,B5I0N0H62PH,Gabriel Rocha
6793,L3M0ISRIACH,Janover Saldaña
7944,2BVBMJ686QS,Luis Reyes
8963,NE7W5U3P29R,Jhakelin Frynee
7669,91PKTLL8WCK,Ximena Casola
8954,ULI978CUK1L,Matias Ascasibe
1724,3K4HCA0896L,Valery Ayasta
6600,84OWT9YYEV7,Steven Murillo
9532,AZKC3KY0A34,Sergio Tavara
1461,J57IEC6PBZY,Andrea Gonzalez
8642,F3SJ0H48A7D,Johana Jheslin
5813,PQGWFBD0AGI,Salomon Zegarra
6847,26WLV71QND9,Hiro Cardenas
6778,HJ95PJKQ6H5,Flavio Castro
4396,D8AD4I3LSHR,Jean Paul Galarza
6023,UQ13JCHG97S,Jorge Orrego
8510,VEUNPYGJDYM,Diego Torres
3645,QVDHVKG3YD2,Alexander Sechun
9999,H7G4OYWR6VK,Frezzia Espinoza
9234,CB35NKJVOBU,Pedro Rodríguez
4507,QJAL160O3B8,Paolo Checa
2031,3MRB968GCEQ,Jhosaim Pocohuanca
4840,7PL5GLIUJCU,Fabricio Huilca
3191,CD18JF1DT9B,Luis Poma
9768,G4DAV1NNORN,Valery Ayasta
2760,RNJDHPNWQSD,Ricardo Tejada
5497,UT5DSI3ASOW,Paolo Espejo
8102,9BJ42MK8MBK,Natalia Robles
2485,AUKSES8YHBS,Natalia Robles
4921,6N1QF8WODYV,Kurt Puican
8380,6C92UD2GKTE,Jose Montoya
3100,984KWPUCL10,Jhon Vereau
1798,AFCO1FGASZP,Flavio Castro
7914,NRCYAY5BZR1,Aldo Javier
4425,VAG1JN2N66G,Aldo Javier
1341,U1Z3PREN5ND,Jhakelin Frynee
9521,IL6RJQU1MSG,Jessica Comettant
1902,PISE5YPL74I,Jean Paul Galarza
1643,S4WFDYBF9UL,Luis Espinoza
1111,K0VNB00EEZH,Lucas Cubillas
2586,YQK8SUHUEJK,Diego Gonzalez
8677,4WARHPRGQK7,Sergio Tavara
2203,ELV9GAGOJGC,Gabriel Rocha
4597,MC2AFKNT8C4,Leonardo Patroccinio
3792,3Q5446HSHTJ,Jorge Gonzalez
9919,6AQ69Q6VA5I,Ricardo Tejada
6643,MNUJMYV0SG1,Jefferson Gutierrez
4662,S47IV9ZRNGH,Nayeli Vera
1759,13FPRBKF4Y8,Miguel Huarcaya
3724,PY3J0AYUYIM,Brenda Pamo
7785,PKFAHS2SGYL,Jean Carlos Funes
3009,YVPJWWWYE3Y,Leonardo Dueñas
7354,4OYQARAWH50,Juliana Flores
4243,CW20UZ4Y5QU,Jhosaim Pocohuanca
5135,PHYDWZCM4QE,Steven Murillo
5324,IFR6M08F8PM,Leonardo Patroccinio
2730,P6AJY5OUIRF,Carlos Chávez
2580,1NNGZ84PE88,Paolo Espejo
2840,PEKRMKKNZIN,Sara Estrada
3502,TZFQUP44AMW,Valery Ayasta
6261,2HQ0LP6HN4T,Marcos Olivos
7037,RDZWLYWVR9W,John Sovero
5277,WALF6Q32YIC,Gabriel Rocha
3325,MI7DE3AL0CI,Alejandro Pachas
4756,R07G91ZJJN7,Diana Flores
5023,BPIFD5EUO84,Huaman Nilton
8565,DA2TAO7POV4,Carmen Orbezo
4361,3J09128DDGQ,Valeria Chavez
8333,QUKWYQENECH,Norel Vidaurre
9345,W73B60TMIT5,Abel Cierto
9014,PHWM8QSZ2PE,Jean Paul Galarza
8337,N6RD5P6J31Q,Villegas Peralta
3353,4QEJJGL2359,Jhon Vereau
6426,V6E6SW9W17M,Franciso Guarniz
4488,RHEBY6FPKFV,Jhosaim Pocohuanca
2150,DFNL0MFLWFG,Yasser Ladera
4822,CAZGSPJIRVA,Johana Jheslin
8719,JWTUO8MZF6K,Jhakelin Frynee
6324,TIFABVZZ8CD,Leonardo Dueñas
1295,JDQQGVNESB2,Valeria Diaz
1467,VYB7E28RQKK,Jhakelin Frynee
3322,Y5BPZZS4BYI,Maryorith Vera
8296,VQ8IOYAQUQH,Janover Saldaña
2629,VEYGMOIHM03,Renzo Ramos
9413,EOU71K33Q66,Yasser Ladera
9704,KGSB4ZD27FA,Leonardo Dueñas
7054,LEGYL99P0HN,Piero Ricaldi
9525,DZNL42AO2RW,JeanPool Varillas
7104,5LHEF4EU7NP,Andrea Gonzalez
4395,3AC1IVA3W6D,Ximena Casola
6758,PBUB9G9CS0L,Juliana Flores
9964,26WNLNOZD5U,Piero Velarde
6762,R9WCLR63Z7Y,Jefferson Gutierrez
9496,1M564T403RB,Franciso Guarniz
7410,UJ7S4QQIE4W,Deivis Condezo
3899,SLM8AN8GFQG,Renzo Ramos
3809,JECY6FL504A,Diego Lucana
7943,H2A490QNLA4,Jhakelin Frynee
5196,NNLIPNH3J0W,Norel Vidaurre
3175,G0OGA8A1WUK,Diego Gonzalez
8095,Y78U0NNQK2I,Lucas Cubillas
4455,NH4U0T1TTVF,Aldo Javier
6919,UWW0MD4Y5E2,Diego Gonzalez
8304,P0LHH3GFBP1,Leonardo Dueñas
5659,9HL4WSITC0O,Maryorith Vera
6238,AVIFC12W8AJ,Braulio Jarry
2866,Q0GKAV4491H,Maryorith Vera
8411,UV62DELYDD2,Luis Poma
9826,84C4C552T4C,Renzo Ramos
1460,FG7MQ5JKCZY,Jhakelin Frynee
2509,5LV1I5KS4F1,Alexander Motta
9189,CJM5KAI5HEG,Fabian Munives
9456,9AOV2HS7UBK,Jean Paul Galarza
5925,OI0MY524PET,Yamile Izaguirre
7148,MO9LWRC3RHS,Kurt Puican
4546,3DSI4LKBETZ,Sergio Tavara
4389,WEBGZAY0T2E,Natalia Robles
7457,WT9OAPDZ0HI,Paolo Checa
6001,OC3CGW3F4JV,Eduardo Chero
2212,Y34UE46EGE3,Jesslinne Luján
2360,N5QY72YFLBY,Deivis Condezo
8721,72UUDRVB85V,Maryorith Vera
5779,TZYFQ3ZCUBF,César Torres
1204,YMUZ1E66B2F,Abel Cierto
6764,RTHPGM3E2EO,Sara Estrada
9397,EUTD7SLCKMM,Eduardo Chero
1653,N92UMTZETEE,Isabela Soriano
9837,CONC484IWKS,Fabricio Huilca
1636,TEW90QIV8CJ,Aldo Javier
2675,PO11Y7W7R14,Nayeli Vera
7489,JIC770IVUUT,Jorge Cavero
3582,KRSAKVLMVG6,Valery Ayasta
6430,BZNJAONLZ2C,Johana Jheslin
6369,TQWPVZENB30,Carlos Chávez
8285,FU228YWN9G9,Maryorith Vera
6009,W6M62VQW40U,Luis Sagastegui
3977,2WY42LQUYEH,Renzo Ramos
7271,TH8LVTNGVW2,Steven Murillo
9526,SCUFVR1G8TG,Xiao Li
3615,1J6GJMM1V4B,Xiao Li
7428,4OJKL9L6857,Valentino Galindo
6113,ABYGYTYAUA7,Huaman Nilton
1905,F1W4Q7Z4DI2,Carlos Chávez
5337,1A61VF1AFUN,Fabricio Huilca
3210,B1YLCGB5JO7,Aldo Javier
6295,479EU3U85S9,Yamile Izaguirre
7157,U5RBPKGES6I,Braulio Jarry
6858,MBRVLZE9AUC,Jak Campos
7183,5SZMQ9NO6DH,Marino Sanchez
2003,EIJFYA0EIRO,Deivis Condezo
7769,BIG79QF81QT,Juliana Flores
9781,GH7C0E9G83T,Aldair Minchola
1924,YJR1C70SHM2,Jhordan Chambi
7029,MWN046T2Y7R,Jean Paul Galarza
7271,UZ497CC4FPF,Fabricio Huilca
1320,6P8B0HB2TUY,Sara Estrada
3445,9OS1OL1WALR,Jesslinne Luján
2857,4ZW2VYBNN8T,Valentino Galindo
1312,P3YFRW47IVK,André Arroyo
4451,EO1LMW4J7JT,Leonardo Dueñas
5909,4053DQ9IDOO,Jak Campos
7608,A51U3SPSDW4,Ximena Casola
6184,UZPT6D3M2CE,Arthur Luan
4836,0VRI3T30UKY,Nayeli Vera
1254,J4D6BRL6FMG,Renzo Ramos
5560,0UJ28AUFQQQ,Lucas Cubillas
1751,5BRMCOMV0NH,Valeria Chavez
8547,YY7BVL7LI6V,Sara Estrada
8077,TI6KSN7QYR6,Steven Murillo
9290,Y4S5YFCUJVF,Alexander Sechun
7511,R79MHSUTOZI,Jorge Gonzalez
3574,LOQTYNQITUY,Luis Reyes
7290,3U6TMPKJPOW,JeanPool Varillas
7495,G08VUI1B5GS,César Torres
1068,E49GPW2URI7,Luis Reyes
5622,NFSWLGUNBZT,Janover Saldaña
9913,C3ZH9L1RTDK,George Mendez
9622,YQRL8L7PH2F,Juan Porras
3777,LMMODIS8ERF,Alonso García
9100,GD4R06UP3WY,Juan Porras
4566,QMRH1CQ3NQ3,Luis Espinoza
4285,SDWYIC38M1I,Natalia Robles
3532,G4EG288RTRH,Marino Sanchez
8129,3FVVNVFM04Z,Jhakelin Frynee
7811,I0Z83AWN1W2,Johana Jheslin
2552,SE3G1GHK6BW,Luis Espinoza
4077,N5J54YS1E7Y,Valeria Díaz
5378,M0ZWKQKN3BP,Edson Mendiolaza
3949,PZO74RK540I,JeanPool Varillas
4383,S6ZOCPLRF3O,Jorge Gonzalez
8573,6YIFJSIQ1YP,Andrea Gonzalez
1981,1B1RU7O68AT,Miguel Huarcaya
6715,I7VRQIRT21E,Miguel Huarcaya
6248,KKT9ZGC8J44,Luis Reyes
8460,10MTW106TD0,Salomon Zegarra
4264,GNJIKAPYY95,Brenda Pamo
2727,F9T65D0PPGT,Jessica Comettant
8935,14YC6EYMU2Z,Diana Flores
7512,1UJ8B0ACS5B,Alonso Robles
2584,0AV6OW5KY1B,Yamile Izaguirre
9283,K5BC4Q7406B,Diego Lucana
3988,HJEDNN1Q4VD,Diego Lucana
5676,TYL1WRI3H7Z,Jhordan Chambi
1738,BB10AC0ISJT,Valeria Chavez
4734,JM4E3FRNLMK,Jessica Comettant
8297,QQ4EFTAGY2C,Juliana Flores
5723,LVPG2A1S7RJ,Sergio Tavara
7281,JTGDM9HVF3E,Sergio Tavara
4996,6VQ5DK8YDE1,Jhon Vereau
9218,SOZ8OC1RTJI,Carlos Chávez
8910,YYCM1QY4DF3,Xiao Li
6901,3PQEF3KPH83,Ximena Casola
2550,I6P808JNTYG,Jhon Vereau
7756,NEJ9UPN7Z2S,Leonel Ortega
3014,UNK8P9AAF15,Franciso Guarniz
7599,5VP6W7LPWQK,Jhosaim Pocohuanca
1906,ZD97GVUMW2S,Valeria Diaz
9487,SZEMGJZGBCW,Alonso García
1049,FI77NOMSR0K,Valery Ayasta
8349,H4FM5C6OLIL,Gabriel Rocha
1007,QQW7OFGY0Y5,Pedro Rodríguez
7903,3SW7CP2MR63,Janover Saldaña
9003,FZ0Z5YI4ZLC,Jorge Orrego
4246,P5R93T5LVA7,Miguel Huarcaya
7153,0NVDQ23BYNJ,Frezzia Espinoza
7536,P01Z4OUKTLT,Jean Paul Galarza
8422,A06FL5QLUOF,Janover Saldaña
4221,4QT3Z5H8NMI,Maryorith Vera
6231,7C2C0WW6HOL,Jhosaim Pocohuanca
3702,S7D6QZ9RSMA,Jorge Gonzalez
8381,VTN4F0WL6DH,Diego Lucana
6948,8245TS6Y1ZS,Diego Gonzalez
7910,TYATB3SVP9N,Alexander Sechun
9379,88LLETA1R26,Paolo Checa
1842,Z7LCP95UQIL,Diana Flores
1480,OTRFPVYA0A9,Alexander Sechun
2910,GHA8108HZV7,Fabian Munives
2779,3TWJM6Y0LA4,Alexander Motta
8588,1RM8MOI9B3B,Salomon Zegarra
2506,BY8Y84U9F36,Jorge Orrego
9334,W003Y0NE559,Alexander Motta
3489,R2SEFVPB83S,Valentino Galindo
6309,SBEDIQZ6BPP,Fabrizzio Castro
7885,CL27YOYYJ6I,Sergio Tavara
8029,7H6PZGHZ61Q,Diego Gonzalez
1209,DFPJ0KATBEI,Gabriel Rocha
4026,V72YIER9251,Yamile Izaguirre
3195,A51GJSYTLEW,Valeria Diaz
1337,TO6MHYWRLHA,Jesslinne Luján
6039,J7VV5D6H4KT,Alexander Justo
4598,8LNF4ACR347,Alexander Justo
1556,DYDN237YSI2,Maryorith Vera
7925,RNMSCUL4K5I,Valentino Galindo
5342,IUEP5PH8Z08,Norel Vidaurre
8017,4FTM7QCLD44,Maryorith Vera
5203,4WFITL0KZL1,Alonso Robles
1972,LCD6WCAK51N,Leonardo Patroccinio
3760,U4BOC9EZ800,JeanPool Varillas
8606,G26TKCKTGAU,Paolo Checa
5578,ZDV28G2DTFT,Leonardo Patroccinio
5102,2WFJ2ARDJ8A,Villegas Peralta
6441,VW9L0LPPYRO,Fabian Munives
1631,2K2PQQ4KAWI,Jhakelin Frynee
5241,FGIEAGUMZ2V,Jorge Orrego
6445,B2CCMB36LLR,Yasser Ladera
2287,C16GUM7Z3LC,Jhosaim Pocohuanca
7911,PNBDNLI2VU9,Alonso Robles
4973,0CNTDTN7MKI,John Sovero
5801,FVCBTY01FPW,André Arroyo
6683,Q721UYNT1IE,Lizbeth Olivera
6004,LJDGITTJI9G,Steven Murillo
4092,UH8ACGG4FU0,Sara Estrada
2491,9N8VWQHJKQA,Valery Ayasta
6598,Y8JCZ5ONZRV,Huaman Nilton
3494,T1VU3ZRQ8BF,Jesslinne Luján
1305,9B5EIO9YNM9,Claudia Palpán
2435,HNZ8F52FTYV,Oscar Torres
2912,SIORV2P6EPF,Marcos Olivos
4333,6SWCP3KMNNW,Valentino Galindo
5680,8A1BTBVTZ6H,Valery Ayasta
5026,A8ET3VN25KW,Jean Carlos Funes
4335,G9FIW3J7Q0O,Piero Ricaldi
1309,ASEJ75Z6L14,Jhakelin Frynee
5368,KTOGZW9BJME,Pedro Perez
1155,W3JMBJE2E90,Valery Ayasta
7222,U3RP11VLGBO,Jose Montoya
6655,S6P79T46BAF,Frezzia Espinoza
2560,4WE9YR5VRWG,Marcos Olivos
5177,FFYWBUH86D4,Alexander Justo
3655,1MHN9E1TQVT,Isabela Soriano
7310,ED9MWM6U4PC,Paolo Espejo
4161,OMIA6KEY7GH,Valentino Galindo
3562,QRW4JLZ9ANI,Valeria Diaz
1138,LZNO0OYOOGY,Carmen Orbezo
3578,E0ZUA0887N7,Piero Velarde
6226,09CJO9OYWQJ,Alexander Motta
2497,V0HY11E48UF,Piero Velarde
3015,82BCH2N76DG,Salomon Zegarra
4769,YRVJN8O2PTL,Brenda Pamo
6124,RNOCDJCN0QK,Jessica Comettant
3560,VICTFUA31BD,Jesslinne Luján
8741,5WUI05UHGNM,Claudia Palpán
3948,RAP49PCHWZV,Jorge Cavero
2342,24YAQCVSLKF,Jesslinne Luján
6914,5K80ZUEGFTZ,Jorge Orrego
2151,3G64YK3L06C,Marino Sanchez
3753,6JK0CAPWQ63,Carmen Orbezo
7706,6ABYH66YAHC,Jak Campos
5525,P1Y63A15LW5,Piero Ricaldi
2586,WS7AT99ITIM,Sara Estrada
3491,7K3D7ISPETV,Alexander Justo
3902,7AD2E8788Z4,Marino Sanchez
7974,TRH0SV005QL,Luis Sagastegui
9931,48ET549S9HQ,David Roca
6522,TBM8QHSEKN9,Jean Carlos Funes
3228,05G8IBSD31J,Jhordan Chambi
4884,G880G9E92IP,Valeria Diaz
1141,CBKLU5MNAGQ,George Mendez
7603,F2VNLAV4J19,Lizbeth Olivera
3325,1S8G0HV5GAR,George Mendez
2947,JZ0Q33QC1AO,Fabrizzio Castro
3521,DU9VR2G3J59,Janover Saldaña
7493,KVAGC1KK4IA,Ricardo Tejada
6638,5JSU11S5QS0,Jak Campos
4960,MVIMB85I3TF,Valeria Díaz
2791,YFCV7V548AC,Deivis Condezo
7355,SY7L282DWUH,Gabriel Rocha
6369,QSMEZ7M5VPE,Juan Porras
7215,9PV00Y0C00K,Yamile Izaguirre
2319,SQ3YA2OTHWQ,Janover Saldaña
8944,SB6UFJRJ15E,Nayeli Vera
7376,AK1G36EO9UD,Brenda Pamo
3685,ISQDEGBPQ59,Salomon Zegarra
9439,T7RJATUZI8C,Marino Sanchez
2835,LKLA5ZTC9OR,Jessica Comettant
2078,9VCNEC79J0P,Jhon Vereau
5736,CWALTPLBPK7,Arthur Luan
5072,PR3837NVIWN,Huaman Nilton
3409,2C4Y4Z88HF3,Valeria Diaz
5017,NZT4BAYOVPJ,Valeria Diaz
2191,D7BVHMKGZ82,Nayeli Vera
1028,5HRLC50HVY7,Aldair Minchola
3451,12V8KIY06S1,Alejandro Pachas
8878,HWR4TKLYF7T,Ximena Casola
8424,FA00W4HYECU,Luis Espinoza
9976,7468ZB0TO21,Jorge Gonzalez
3547,KQ7FS6TFHSO,Aldair Minchola
5741,D9851G9KFCM,Lizbeth Olivera
9863,F4F3BAYCC43,Julio Mamani
4979,FLE7JE6C0VM,Alexander Sechun
3462,R12636OSK63,Alonso Robles
7683,172BFT8EMNG,Ricardo Tejada
3255,V81JFUZFKCO,Diana Flores
1970,I0P3RBJ8GJ3,Diego Gonzalez
5031,17CA3018JLJ,Piero Velarde
5219,GL7NJUU37EU,Claudia Palpán
3212,FC3S8URW9C1,Edson Mendiolaza
4926,6AUTJV8CHGB,Valeria Diaz
7324,YPOGBHZACZ2,Marcos Olivos
9220,HRV3I3K94WR,Jhakelin Frynee
7038,0EVVOT51NLO,Lizbeth Olivera
1534,TRD426RSTLN,Fabrizzio Castro
1538,5AJZ15NR7H3,Jorge Cavero
8110,PIEK1NJYYNN,Arthur Luan
3159,QD2SY466TI9,Marcos Olivos
6389,8MYJMTD7HJ1,Valeria Díaz
2258,EH058D8W1UU,Alonso Robles
3609,Z4IH7A1H45P,Jorge Gonzalez
3728,HMQUGSZCNP0,Fabricio Huilca
9933,3OQU0Q0FF13,Yasser Ladera
5550,92VR08KOMYV,Lucas Cubillas
1748,MNKDOE0O0ST,Piero Velarde
8293,122GNIVMYZH,Juan Saravia
8160,ZJ2J6LRNIA5,Jessica Comettant
3280,IAQ9M65LPUZ,Janover Saldaña
8270,P9UB72IBS4T,Lizbeth Olivera
2629,4SDYMDMBWER,Julio Mamani
5537,S69CBQSKW2O,David Roca
7144,A248Z8796EW,Andrea Gonzalez
3907,IUADZDDRMQ2,Juan Saravia
4023,VBFO2HGL753,Alonso Robles
7295,H5APJ6E92F9,Jorge Gonzalez
4727,UQYAOCDJLT1,Juliana Flores
9720,0VYMJ5RLBHC,Pedro Perez
3638,G5RZ3YNZK0W,Maryorith Vera
5804,JKUKCGHAEPN,Aldair Minchola
5254,K6FPPFTQLVB,Luis Reyes
2613,K3PBFMBPYFQ,Huaman Nilton
3910,61PFA74R8PK,Yamile Izaguirre
2030,8DJFFCLIMKK,Alejandro Pachas
3544,HHHW4UB08FV,Alonso Robles
6249,ZGPN63WE9L3,Alexander Sechun
2208,7LJ4E156UVC,Natalia Robles
9930,M2HM5TQ0SG7,Arthur Luan
7904,WKDSNE2D979,Diana Flores
7367,4MF9Z6C6WDF,George Mendez
3675,HMTC7U8HTW4,Johana Jheslin
8294,A6V6T060J0O,Jean Paul Galarza
3128,NJYIWKAOS1L,Diego Lucana
4580,4HORB0972E8,Valeria Chavez
9277,UIR4B66JYMA,Julio Mamani
4661,9OJAAGH3R8U,Jean Paul Galarza
2404,ZRVJF3AIC1I,Kurt Puican
1420,6N58CCPAUDP,Villegas Peralta
6201,UV91VB1G1UH,Flavio Castro
5892,39HSHBE858U,Huaman Nilton
7330,3CK389QHS78,Hiro Cardenas
9005,5G60NMH6TVZ,Frezzia Espinoza
7191,IPJMSMJ9810,Alejandro Pachas
4345,JQZSYRWOT1P,Lucas Cubillas
3729,5700FNCCWQ9,Miguel Huarcaya
2865,D6UQZ67N71A,Valeria Diaz
4046,O3VF5O48MQJ,Jesslinne Luján
8065,I5HFKZCUHLA,Aldair Minchola
9607,VKT2WWMWJ5M,Eduardo Chero
5486,9Y4SOCMLEIY,Valeria Díaz
8646,0TNS265HMJ6,Ricardo Tejada
3263,RC4Z6YHTY3O,Valentino Galindo
7148,C0B8D7PYB3F,Jhakelin Frynee
4545,M2Y7VAEM7TM,Deivis Condezo
1293,56YWY75UC98,Fabrizzio Castro
8241,QW9U1M1SM52,Valeria Chavez
8914,1IYR0TAO01J,Braulio Jarry
8036,GC93NLEMB4Y,Jorge Gonzalez
9376,MK6RVCOSS5T,Lucas Cubillas
5918,FO823V48WJ0,Nayeli Vera
2849,DGTF7QKGOPH,Luis Reyes
2904,ZJZL0Y0IOD8,Pedro Rodríguez
6523,GUIR04U1TO8,Miguel Huarcaya
8819,OOFD8DR9UQS,Luis Espinoza
9463,2KU861ZKK6P,Edson Mendiolaza
5119,SWAVVN6GH8D,Fabricio Huilca
3435,HBIJWZKPY45,Gabriel Rocha
6270,O3VIM8IW30Y,Jefferson Gutierrez
9103,4T67NS887WU,Edson Mendiolaza
6064,O1ONGS7WPBT,George Mendez
7799,2SFU8A95G2J,Jhosaim Pocohuanca
3719,MQK9PGU5UHZ,Franciso Guarniz
8036,BH9TEHPA4NW,Villegas Peralta
9917,DOWADC8ZMJQ,Kurt Puican
3400,2Z3DZV1OI9H,Pedro Rodríguez
7495,EN6E3E8V4LQ,Gabriel Rocha
4586,ON89A2WQR74,Fabricio Huilca
5866,HMTDQO241M6,Flavio Castro
4492,U3702BZJJ2U,Sara Estrada
8631,0R015OF6B17,Norel Vidaurre
5564,IPYWJNETYPJ,Lucas Cubillas
5215,0BIYW92RKE7,Leonel Ortega
2084,S56W0KG0B5D,Gabriel Rocha
7546,6TPULNAEWYW,Alonso Robles
7178,DI0A4CSRWC4,Luis Reyes
3204,WKC78P0ELMI,Steven Murillo
1017,T6KMHKMD3DM,Juliana Flores
3982,3IRIJ24ACZC,Diego Lucana
7847,CYWP8YMU5CE,Alejandro Pachas
5963,7EUMWPNB90F,Johana Jheslin
5912,6J5Q4VINH7F,Fabrizzio Castro
8567,EW01VSDO521,Fabian Munives
7053,W9SS7H25NQO,Paolo Espejo
3110,LIKOCAPQQJV,Pedro Rodríguez
3309,M83BDM8DP51,Piero Ricaldi
7442,TE5H3EAOTRE,Jefferson Gutierrez
6219,NHBJTBTKAE8,Aldo Javier
8242,85ED3O6GD59,Flavio Castro
5450,8RKMY2JN45K,Jhakelin Frynee
6441,FSMYZL81OUA,Alexander Justo
5336,FO9C06JGOL8,Ximena Casola
4417,ES7FVHDG76O,Juan Porras
4552,1L7BVC0AKJ9,Valeria Diaz
4509,5KKPYH883B5,Jak Campos
1720,748SY0SEHK2,Luis Sagastegui
1232,2BOTQFBJQEE,Pedro Perez
4301,KYTRBOPUUZJ,Juan Porras
6405,Y7IK4R8WONY,Jean Carlos Funes
5010,B2S3HWP7I2U,Brenda Pamo
9692,IKVTSQZ23RW,Luis Sagastegui
9434,1PLO06FCBC1,Jhon Vereau
8428,R7R2QN2CQLT,Andrea Gonzalez
9659,53SIB95DTGV,Jessica Comettant
9306,RC693NBA6AY,Leonardo Dueñas
4868,4ZVIIBMNP1J,Valeria Diaz
7732,KC6K6MI9QGN,Andrea Gonzalez
8936,8WS749AUU3F,Alexander Sechun
9303,C1ZUPJCN953,Valeria Díaz
4805,O7YD4LSM1EV,Gabriel Rocha
9153,LYTZU56SOU7,Leonardo Patroccinio
7083,EN6NGZBT7EH,JeanPool Varillas
8011,C8KQF1LL7NA,Arthur Luan
7958,386R9EGZRC6,André Arroyo
6538,WWI7ZFP3JHK,Juan Saravia
8340,MYO7AIJPU5E,Alonso García
1211,TAQZPGSVCDL,Edson Mendiolaza
7281,OWH48O1OUJZ,Jorge Orrego
7057,W9PRSQOP05B,Natalia Robles
1750,UF2IMBKJBE1,Ximena Casola
6638,YJQ34GM414U,John Sovero
3662,DI0L9A6HZ77,Alonso García
7607,8H49CAE0YLI,Fabian Munives
5951,SDQMT5EN6Q8,Jak Campos
1177,NPNV10IMZUR,Jorge Cavero
5687,E18R0MTRCA2,George Mendez
3535,HZFQ0SJUPJQ,Franciso Guarniz
3356,ZFS46V6UU6A,Xiao Li
4407,IO3MZN6P6U8,Julio Mamani
1803,9BPZ0VSW93R,Andrea Gonzalez
2029,QDAJOYGFTQW,Andrea Gonzalez
6827,2YMVKLTKOZQ,Lucas Cubillas
7930,NPCBAU2U9DO,Sara Estrada
8548,Z77UBK7U3YR,Jorge Orrego
4591,59G3R90RJ3J,George Mendez
3414,FWE2G8HQWL1,Miguel Huarcaya
5983,JYZ9AGL2BWY,Paolo Espejo
6629,ENKS28WTD9J,Piero Velarde
2422,UD6WS0KA8AE,Oscar Torres
4028,GAY3IGBG5QN,Jesslinne Luján
4675,U249K1F11I0,Nayeli Vera
8150,ESZ2I0AD49Q,Alexander Motta
6541,A29F4OA9VE3,Salomon Zegarra
8365,ZMRS2UO49OU,Piero Ricaldi
1584,4NKDPW6FG2I,Jean Paul Galarza
2542,Y9JZS7MJQO2,Salomon Zegarra
5718,OYIGKPZJG1K,Fabian Munives
4399,58OWLSUTARR,Jak Campos
5359,IIU840YLGLS,Jhordan Chambi
1307,DS7NV4Q1VJY,Juliana Flores
4411,7M906OILOAS,Fabrizzio Castro
5767,MBAZW2RGFSM,Diego Gonzalez
2415,SSS9VSSQSPK,Lizbeth Olivera
4687,K309F3L62HH,Jak Campos
6112,MNR7F2ECBP1,Jose Montoya
4185,M1B95IIIN0F,Johana Jheslin
5770,0BKHO954P69,Juliana Flores
5127,90WT60794S6,Luis Poma
4181,BPRTY7IJO5Y,Jorge Gonzalez
2536,29TGA0QCWHC,JeanPool Varillas
5601,7FGM1OBANTI,Norel Vidaurre
4207,G405CO7H1EW,Isabela Soriano
2444,0L76WSPS69S,Jak Campos
8063,174B6RUCQ9M,Jhakelin Frynee
5977,B7F4QE9BZ8U,Miguel Huarcaya
3606,DE7DON65WD0,Lucas Cubillas
8537,G2TCM1R11LG,Matias Ascasibe
2639,99RRSBYLE6H,Piero Velarde
3831,ND8NW6IW3D7,Jorge Gonzalez
1293,A8HPUZO68KE,Edson Mendiolaza
4981,GZRM6UCD73P,Fabrizzio Castro
3357,SJ3DSU4UM05,Jhakelin Frynee
8488,SB66K622F94,Valeria Chavez
3487,L0P29NF4ZJM,Alexander Justo
7820,DANNS6LTVW7,Braulio Jarry
2125,5392NZWZ0LO,Edson Mendiolaza
4046,CIWRP4A12HA,Carlos Chávez
9039,8JC8H98H1OI,Renzo Ramos
7951,NLMQGIOZJGL,Deivis Condezo
5747,0OZHDZEP9NV,Jhosaim Pocohuanca
4841,0UILTMUGJFE,Janover Saldaña
8182,6CJWYRUHOKS,Arthur Luan
2783,315VO9NDGQF,George Mendez
7025,9GU1Z2DL8JM,Brenda Pamo
4113,V1TB6YL4PSJ,Valentino Galindo
9599,UO3YVTU3W00,Alonso Robles
4825,RKT4UDJUWWF,Alejandro Pachas
5279,SGAFV9KUWPA,Huaman Nilton
7721,UVJ0AVIRC7J,Aldair Minchola
4429,MSE9B5AELE6,Oscar Torres
2668,ZIINURV94S8,John Sovero
6216,GUCVCTZJ7DS,Sara Estrada
1197,PMJSRRJBWKE,Jean Carlos Funes
3791,M92FA3RDD05,Leonardo Dueñas
1349,36E1LYZCCIV,Villegas Peralta
5564,O1HWTBC6EOR,Juan Saravia
6212,NB2NQ4OQ3TK,Braulio Jarry
9794,A8MD5WJOAD6,Miguel Huarcaya
7024,M084YM532YL,Deivis Condezo
4409,GO964QQVVVR,Alexander Motta
9954,Y7WL6PSDJ27,Diego Gonzalez
6851,9ZPD8OH6IKY,Steven Murillo
2368,01TLQCZVINQ,Valeria Chavez
6414,2IV8F92ZK1D,Jesslinne Luján
6767,DZPA4TR7KT7,Valeria Chavez
6611,TGZKS1Q2BZS,Alexander Motta
9419,SWKH1PLN7RH,Braulio Jarry
5591,808F62VLP3J,Sergio Tavara
5435,2081GO2JEZO,Gabriel Rocha
4591,THK8BI9V6LB,Jose Montoya
4555,5WVWQULSN9P,Piero Velarde
6033,MJER2E7MU2F,Valeria Díaz
7047,C6EZD22NP17,Luis Espinoza
7008,H1L2I9717E2,André Arroyo
8106,F4SFBBMK645,Luis Reyes
4370,IAJ9CNHD2O7,Edson Mendiolaza
4604,DM4K8LDTGA6,Juan Porras
5509,NNRZBZR7KWJ,Leonardo Patroccinio
2246,S4N59BTCUC3,Juliana Flores
3639,JETUQCZ39SN,Isabela Soriano
6951,G6DS3134CYY,Lucas Cubillas
1723,56HCVI0YY48,Yamile Izaguirre
2695,YFK4T2FJJES,Salomon Zegarra
1562,TUNVR0WKR9G,Julio Mamani
8442,IKAMC6BN71J,Marino Sanchez
8894,YEFOB01TPOJ,Miguel Huarcaya
4976,ZFCSP0MRGY8,Jhosaim Pocohuanca
7585,DAQSY17M8P3,Jean Carlos Funes
2071,ZOG2P62HO84,Aldair Minchola
9161,TO1TETMGTGE,Renzo Ramos
2894,EZGNOWT7OJJ,Xiao Li
8039,9J0O6J3JWD8,Julio Mamani
5274,WZ4375EJPTH,Luis Espinoza
6333,TG8SEIEIOUM,César Torres
5773,SYJQI1O2ARH,Lizbeth Olivera
5496,8OSGGPU53WQ,Isabela Soriano
1533,NKSSKIZRGV0,John Sovero
3466,GL6NQW8B5G1,Leonardo Patroccinio
8811,FMNBCNKLBZU,Eduardo Chero
4111,Y8ME7IJAQBI,Carmen Orbezo
9054,ZAHD40GG725,Frezzia Espinoza
3349,BG5S0QAG3CY,Renzo Ramos
3054,JT40F3RT4Y7,JeanPool Varillas
5175,1RAVHSOC6WW,Jhon Vereau
5703,STF3V02R7BE,André Arroyo
4491,OQ7SK6IAQ1M,JeanPool Varillas
1846,549TP0TZEAM,Carlos Chávez
9398,LQNE85KKVY5,Alexander Sechun
9605,YFG89MV4E7D,Lucas Cubillas
7430,1GGTKJG4MJ2,Marino Sanchez
9293,EZTZHR20399,Jhordan Chambi
1156,ASH1C6PVAGE,Diana Flores
8555,EYTVREMBYTB,Jean Paul Galarza
3316,C65BNRFOOUG,Diana Flores
2526,3ZPWUHFWJFD,Salomon Zegarra
2609,NFCEELOMSG9,Arthur Luan
7933,EDGA7MK5C1L,Ricardo Tejada
3696,A1ONOF6NRWQ,Ricardo Tejada
3272,78WL0KY3QF3,Alexander Sechun
3762,7MP7QAHVST8,Miguel Huarcaya
3282,71N1APQUTQC,Flavio Castro
2427,WE209Y0AOT6,Gabriel Rocha
6536,RGNNCCQEF5Q,Arthur Luan
4581,D2OOVFN4Q2P,Jhordan Chambi
3899,BNFMMWLE758,Franciso Guarniz
7305,UHC679GKUGB,Diego Gonzalez
6898,I865TS6TCK6,Jorge Orrego
3126,ZQJA4CQWVP2,Jesslinne Luján
1922,9EKE5YC25FL,Julio Mamani
6498,S4F0BH0ZR36,Hiro Cardenas
8202,5TTW6NSD7ZO,Alexander Motta
8085,VKH9OOZ5M3P,Jorge Gonzalez
3479,R0G6RTV0L7L,Jean Carlos Funes
3267,FQVW43R65GT,Gabriel Rocha
8191,DBWI1VWY9HI,Abel Cierto
9056,AVGWDKMBVNE,Alexander Motta
3142,8P67OYVQZYH,Yasser Ladera
2953,FAWEC8EITRY,Pedro Perez
3004,A2RSRAVQYOM,Leonel Ortega
2876,ACGV730SSGY,Valeria Díaz
9885,MS313W2C6P9,Carmen Orbezo
8779,U9V5DVEA4MK,Pedro Perez
4369,3L0QGH5LMM0,Aldair Minchola
1844,DMHO6HQQNRD,Piero Ricaldi
5614,KYPKHIVDAHF,Diego Torres
9893,D13TSDBWVWY,Sara Estrada
7487,WP67L4TTSNE,Juan Saravia
6551,481D46V0C17,Jhakelin Frynee
8636,F03U0Y8TKAU,Maryorith Vera
8204,6ZBGWR78WH3,César Torres
3026,SMGFTA34JL1,Maryorith Vera
2454,98BFNQT06V6,Jhon Vereau
3080,I8BCJW9F4LY,Jhordan Chambi
1762,U7YEAG5O36G,Arthur Luan
6920,ZIPUQGSW0E0,Jose Montoya
3619,EST7EU9ZB7F,André Arroyo
3059,BKJA9OZLAE2,Luis Sagastegui
8702,VISQ7HQ76IE,Alejandro Pachas
4717,SRUHDCBVAZ3,Juliana Flores
1659,D91EOFGC2ET,Ricardo Tejada
5904,LLUING3I852,Flavio Castro
8491,94YASJJFR7L,Jose Montoya
8689,PDER68W8U34,Claudia Palpán
9132,DP9Z1MP3962,Luis Reyes
7123,PFS6MT7FHK4,Oscar Torres
4935,4PEOAONG8H5,Alejandro Pachas
2268,W7GDE9IQPRH,Julio Mamani
2234,VP9YYZ0ZED6,Diego Lucana
2216,GVQSUIH83T7,Piero Velarde
8309,R01YJZA0LQG,Diana Flores
7941,K2C9KGYZ21B,Pedro Perez
3138,501U69QQ62E,Yamile Izaguirre
5453,5NJLIPV1CMI,Nayeli Vera
6277,HYI82BDOV5Q,Jean Paul Galarza
6471,9069PT31F46,Jhordan Chambi
6068,87VCA8HL8TC,Renzo Ramos
6738,K7D7DKC12T7,Edson Mendiolaza
4883,J2CCKO5GMQS,Diana Flores
2983,FEITDLNACFR,Andrea Gonzalez
6627,2HPH3P64EN0,Lucas Cubillas
2552,7TY30UZD1YA,Frezzia Espinoza
7098,WLMM1YMNEKV,Jhosaim Pocohuanca
5618,KT4QVSKOZ56,Flavio Castro
1182,TO7FTNMI1QN,Oscar Torres
2002,COOBS9BTPRV,Braulio Jarry
4314,5I959SLTBKB,Jorge Cavero
9386,4N4PDHK9UE2,Carlos Chávez
6834,JUP6MU3804A,Oscar Torres
2069,O1CO2H5MENL,Fabian Munives
5664,RBDV2HP7W8F,Jorge Gonzalez
5443,YSSJFQZUVWN,Carlos Chávez
2496,LGQGV4YPGTI,Hiro Cardenas
7099,W5O40NSP24K,Nayeli Vera
8867,L6FSZGB51J9,Miguel Huarcaya
8205,MV4B7RYFRWY,Huaman Nilton
7426,L4DMP8LPPUE,Leonardo Dueñas
7834,LUZWBYKEI8L,Aldo Javier
2131,N4Q26FTVNYK,Alexander Justo
1522,6TTZ0WO338T,Jhakelin Frynee
1440,EC8HWBUQWYV,Jean Paul Galarza
8260,CGE2P10TDM0,César Torres
4248,GAP96M0T783,Valeria Diaz
7705,G9I7BRLB6EJ,Lizbeth Olivera
2553,OY65D6YIL4C,Luis Espinoza
7593,NZNMNRZTRT2,Andrea Gonzalez
7748,LRAP5DFEY1C,Yasser Ladera
6671,K3NYPB0HBYU,André Arroyo
6916,W2OT4A0ZQNT,Valentino Galindo
2297,BLH2PEQVT90,Ricardo Tejada
7653,ZTOTW4I9AHW,Renzo Ramos
9146,0719EIIZZ2W,Salomon Zegarra
2764,CDTBLOSLOWJ,Leonardo Dueñas
2866,8BH5MCU5FBZ,Alexander Motta
3420,U0ENZQK6EWF,Diana Flores
6844,HECAFSDWNVB,Jorge Gonzalez
7760,Q4YRBZ2YNU5,Salomon Zegarra
2991,C21QK7IDQ05,Pedro Perez
2986,B69HG6VS70H,Fabian Munives
1634,Q9VYG38DBUR,Juan Porras
8398,7E8LRNVN9Y6,Jhordan Chambi
2442,4MD58FDVTC7,Lucas Cubillas
1246,R33GHCN8KJO,Claudia Palpán
5667,CDP0IN3QTT2,Alonso Robles
4209,58MFHUF1JRN,Huaman Nilton
1032,BHO5ZC9HW86,Luis Sagastegui
3849,9UNY7OEZ1GI,Diana Flores
1731,VWEWW8JQE30,Valeria Díaz
8294,HDAA027HQLM,Andrea Gonzalez
4542,88ILV1OY8U1,Marino Sanchez
5312,K83H8E3JZCR,Julio Mamani
3391,GB1NWIQVV87,Carmen Orbezo
2918,7M8L1HO1D4Q,Juan Porras
8838,I2MVJHU2TW4,Marino Sanchez
7559,3QOWWRQKCTF,JeanPool Varillas
4394,E8M7M0NQ5KH,Jean Paul Galarza
7036,Y5YC4MD95TK,David Roca
3596,ABLR9JO933M,Alexander Justo
1179,LKRKWABBQ8K,Valentino Galindo
3095,BDQKTDOCJ0W,Diego Torres
3918,4RPP0E955QD,Claudia Palpán
1225,Q1EZDML4R15,Jean Carlos Funes
3404,CA1VMD6VE3J,Edson Mendiolaza
8837,GOR3KKE4BKY,Leonardo Dueñas
2952,P5Z3QHKOJVG,Fabian Munives
9929,FAD2OLEWHVZ,Jose Montoya
5593,TPSGWSVEW6S,Steven Murillo
1005,V1J3ZLCG556,Natalia Robles
8895,VPR3F0W53OD,JeanPool Varillas
8186,CQWYG7NZ441,Leonardo Patroccinio
3767,STQWNNRBLJC,Johana Jheslin
1315,SYRVSA68P8V,Pedro Rodríguez
8060,OL390WRRFKI,Luis Poma
7423,7MBDORIWVA9,Leonardo Patroccinio
6931,APBBWYLHA3A,Eduardo Chero
8638,O4WV9KDM5Y1,Johana Jheslin
3822,QY1MWSDW5FV,Norel Vidaurre
2742,6TG96I2TLG6,Deivis Condezo
4046,B5BYPKOTOGU,Sergio Tavara
6710,MONNQ8U5RGD,Frezzia Espinoza
7068,EKJ3MB2EZRN,Valeria Díaz
3111,2YZ8ZRMBHUO,Pedro Rodríguez
8517,FZBSP8S4OM5,Deivis Condezo
3187,O5DW7MEWJ7R,Brenda Pamo
6974,LIVQUYPFMAF,Renzo Ramos
7471,7I7NT500NI9,Jean Paul Galarza
1855,BZDVSGG58ZC,Huaman Nilton
7390,03G6BZOHA87,David Roca
4676,817ZZIMFC94,Leonardo Patroccinio
3905,IUNCGC47E7S,John Sovero
5959,472JI2YHHTU,Claudia Palpán
2302,F1YYA2MJACH,Jak Campos
5534,BLY1BUEZJSS,Yamile Izaguirre
4245,QV752PAH7MG,Arthur Luan
4229,ZNKC5NHZBSG,Alonso García
2081,96UA8BVK22F,Franciso Guarniz
6616,Z5HH7CH2CWV,César Torres
8271,ELI77INF9NZ,Piero Ricaldi
8491,7MYA1PKG5N4,Alejandro Pachas
7243,1Z79DZPRQE2,Eduardo Chero
1065,9CDJM4NYQFK,Luis Reyes
9895,IAN7EDUOIS3,Valentino Galindo
7893,S2DBQY9TRBJ,Jean Paul Galarza
8397,ZITL7YLEVBB,Luis Reyes
6993,NFFG66D6M9J,Nayeli Vera
6644,ST2SOANNBLB,Piero Velarde
8520,4VRFKLG0Z7W,Alexander Motta
4574,O1STM2IJT86,Ximena Casola
9303,5BGPD1KOQWS,JeanPool Varillas
8851,JKYY21EC6CB,Juliana Flores
4080,9L213RME5JR,Huaman Nilton
7834,AHVJ5RRKM8H,Edson Mendiolaza
7387,ZQ59N1GKOK5,Janover Saldaña
2235,IB8UJAUHRFI,Isabela Soriano
9483,FE4LRFUBTAS,Alejandro Pachas
4823,RRJH3CEKCJO,Jhakelin Frynee
8219,W9AO1ISTTSL,Ricardo Tejada
1087,764Q5UAV5FD,Alejandro Pachas
3071,0AGUVPW8I8S,André Arroyo
9693,C04SL99OKTA,Jhosaim Pocohuanca
3279,P02ZVWRP4S9,Flavio Castro
5214,7QYKFH7NUDE,Jefferson Gutierrez
4040,102LPBO57BS,George Mendez
8948,RTN9TGRRSBQ,Jorge Gonzalez
5076,0YHBDN2GPYU,Isabela Soriano
3859,RGIQV778LAE,Jose Montoya
8076,28A09WCMO6B,Jorge Orrego
7653,ERYO91MS1SW,Piero Velarde
8524,9MRG7YS8LEI,Diego Torres
2073,IO6FT9CIYGN,Leonel Ortega
9550,H5ELDZGCRD8,Huaman Nilton
6584,22S9OI5QMG5,Valeria Chavez
5603,23E2UK89V09,Xiao Li
1362,KTQTMA4Q64D,Jesslinne Luján
6470,HV1GZMHVCKK,Valentino Galindo
3029,P7WUZNO2BDB,Jean Carlos Funes
5830,IDEY8ELHQSN,Valery Ayasta
5560,DVDKE1VSUR4,JeanPool Varillas
6763,4TAHVOP334E,Marino Sanchez
4249,KA7Z7TQJ3S0,Miguel Huarcaya
2053,PHUFIAR1381,Hiro Cardenas
8127,ZMK95BNB9HD,Alonso García
2369,CEWNFLAM86I,Valentino Galindo
9671,JRNA2PEA21F,Alexander Sechun
5517,5A1ZRV5QVY8,Andrea Gonzalez
2075,EGSUF8H29IG,Renzo Ramos
2766,WNNEUSIQGOE,Valeria Díaz
5198,UBZ21B2EE2D,Kurt Puican
2592,G9CUZ2FJE98,Steven Murillo
9198,NBHV4HGZ7TY,Jorge Gonzalez
3135,PGQUCVS91AL,Jhakelin Frynee
4588,ZNPPL40QUIQ,Leonel Ortega
2141,9C2F6KO5M6T,Claudia Palpán
8136,5RS3G4DY6DG,César Torres
4841,RJIDVDUHAYH,Miguel Huarcaya
3323,U1WVA8FVF1K,Xiao Li
9356,M0ETS6MS0A8,John Sovero
6837,DM02QSE7MPY,Lizbeth Olivera
8065,UGIMEJO86U3,Juan Saravia
1396,CI08C7PP8Z9,Sergio Tavara
9224,B160ZTTKB4R,Flavio Castro
1831,SD5HA8Q3DOE,Alonso Robles
3898,M21TKY4EC57,John Sovero
4695,TIKJL80U02A,Leonel Ortega
9904,5CKI9T8SGDM,Miguel Huarcaya
4310,FP0W501VY5U,Marcos Olivos
4833,1ICCR8O2MYP,Carmen Orbezo
2753,TJJKK505DHE,Juan Porras
7588,GSKBOZU97O4,Jean Paul Galarza
5170,7FF6DPY5R0U,Sara Estrada
3719,5HVABGOG7OQ,Jean Carlos Funes
4974,NTDCQ3BTFRT,Gabriel Rocha
8676,P0NPE5HGTRF,Paolo Espejo
1109,4685MDA5NCM,Yasser Ladera
5965,A0WO2WZ989Y,Juliana Flores
9021,DW4AG327MYC,Matias Ascasibe
3053,N7POLJ21A9U,Lucas Cubillas
5919,J19MCVDOPZP,John Sovero
2767,60RPKC8V5AZ,Pedro Rodríguez
7203,I06OF7V1S2E,Juan Porras
3700,UL6P9BW55DE,Alexander Motta
4068,QS07EVDUKTY,JeanPool Varillas
8439,9SY70V80JT3,Valentino Galindo
1658,MEMYVU3VW58,Jessica Comettant
5430,N9TISWEV7BZ,Carlos Chávez
1785,LB5RUGOPQY1,Jean Paul Galarza
6102,RM4MCK9ZSFU,Isabela Soriano
2027,MDT8PPP6YAE,Valery Ayasta
7570,ABPKWE8C0EB,Leonel Ortega
6793,89NBY488PUA,Sara Estrada
3454,WEBD1MBQ20G,Brenda Pamo
8062,FL6YK481N6E,Juan Porras
9453,LGT7ITK6VD2,Abel Cierto
2260,4UFI1ONQ9V3,Paolo Checa
4185,YJVQU2HJ6OM,Piero Velarde
6687,65HJKY8Y4IV,Diego Gonzalez
1821,G2Z92DTNKP2,Marcos Olivos
2272,1Z0C3OCM1QQ,Yasser Ladera
3630,AEHQ4BGL2UM,Alexander Motta
5328,C7KOW2OSUDJ,Alexander Motta
5925,PZ1889SA7BS,Franciso Guarniz
1151,SODJ2BGUZ7T,Aldo Javier
6039,344LCPN20TZ,Yamile Izaguirre
6217,1P71VZZR5RU,Jessica Comettant
4425,4EMZ0WPH48N,Yasser Ladera
4018,TYH2JJ1H1VL,Leonardo Dueñas
3325,0LCYJFYIYZI,Flavio Castro
6124,MCSFC42Y4I2,Aldo Javier
7046,68R1ZGMRQ8F,Fabricio Huilca
6914,MPPZJEPO3YC,Braulio Jarry
7748,QZNL1LE7EEA,Valery Ayasta
7065,E6799G92TJK,Lucas Cubillas
2694,KNMDPB3UUVZ,Carmen Orbezo
9218,18LHS1YTYR5,Leonardo Patroccinio
5151,DQ7BTIGI9JB,Valeria Díaz
9895,YN1GL52YPQB,Leonardo Dueñas
3735,4JGAQPUA7G9,Jessica Comettant
2389,B05T7DF1TRL,Lizbeth Olivera
8962,HFTR8TJYQ7F,Leonel Ortega
8041,N4MHIAUSB1R,Jhon Vereau
6772,2Y1RV6R8RSU,Jhon Vereau
5956,1LP8KGR1F5Q,Julio Mamani
8144,K8GZG1EZQES,Luis Reyes
6144,SZKQMKWPYMO,Paolo Checa
1466,BYNWWBUBFV1,Edson Mendiolaza
2564,AOYEE418I1M,Ricardo Tejada
2692,KM9SUHUCBED,Pedro Perez
2918,W1ZVJYC8V5O,Jesslinne Luján
3792,ZOGL1MQ5TF7,Fabrizzio Castro
5887,EEWVK97BYSH,Eduardo Chero
9762,BT93VY2GA61,Paolo Espejo
2477,3ZEIHLSK95U,Gabriel Rocha
3499,HSUFH45NR5H,Renzo Ramos
1967,IB9R570RW8Y,JeanPool Varillas
8499,HM2K8W683FZ,Valeria Chavez
5623,RE5TS79QSKC,Leonel Ortega
2946,M08K59H7G3E,Ximena Casola
9675,IKDR2P3V2VG,Valery Ayasta
6320,D71T0A4DDR7,Diego Lucana
6122,A758N6V13JJ,Valeria Diaz
7170,0I8IRLPLWQY,Franciso Guarniz
9044,JEZ37TL6LMD,Fabian Munives
1851,Z8EM7HVZA1Z,César Torres
7270,0JLN977YC0Z,Janover Saldaña
5207,CACHZE59SQI,George Mendez
9803,GYZVLT3R97R,Ricardo Tejada
5591,8K18QNT89WV,Diego Lucana
1709,Y4J9MONJJ1D,Jhordan Chambi
4153,T264NHL0W9G,Isabela Soriano
8292,E4GHD57BJI3,Hiro Cardenas
2016,CKRIBP6J3UR,Abel Cierto
3433,0K4QAOECU1B,Braulio Jarry
3061,VZFC8IM9WVU,Oscar Torres
1695,7595WHZF5EL,Natalia Robles
9204,R5UFWK6771S,Valeria Diaz
8328,96U5UPCZUD1,Maryorith Vera
1761,MLTIQFZHIKV,Villegas Peralta
6553,I9T7DSV4N1F,Valeria Chavez
7662,7NNB5I14O49,Luis Sagastegui
1157,8DWIRM798TR,Jean Carlos Funes
7784,A1MDW67NG9M,Valeria Diaz
1991,1FDGAIB5TWB,Steven Murillo
3724,1FT67MFKE8C,Luis Reyes
1974,69D42B5I6HB,Leonel Ortega
5732,NO220GZVHD4,Yamile Izaguirre
8963,5D7ZCC25PJG,André Arroyo
7981,CN4ZLDTLHAC,Frezzia Espinoza
8694,T87BC0PATZY,Paolo Checa
5851,N7SE3HTTLWZ,Janover Saldaña
5404,RNW32L0S3KJ,Diego Gonzalez
6557,5TDP3MASR9R,Luis Espinoza
5650,BVSOOZEGASV,Renzo Ramos
9411,QTALLDOSIY0,Johana Jheslin
2317,MGJ81J6SN0O,Leonardo Patroccinio
8764,6L51YG2UZQN,Piero Velarde
3402,I9FO66UV765,Norel Vidaurre
4790,0CIVCC2ZELU,Juan Porras
6305,W7K9QN00S10,Paolo Checa
8953,SG3YV4IUJ8B,Hiro Cardenas
5213,NDLM0OB6QJ4,Salomon Zegarra
5024,NEZH5U4O071,Valeria Díaz
1518,GVJEHG1NJ8B,Abel Cierto
1836,AWV02MF8DM0,André Arroyo
9536,BNY62F3NMPB,Alexander Justo
7483,4BG7PBKHGHY,Piero Ricaldi
6625,5LQE2JRPUN0,Jorge Cavero
9606,8ZPDKACDOUO,Ximena Casola
9689,7CVAC9IG46V,Jhordan Chambi
2462,Q7H535H2FVD,Matias Ascasibe
2347,5D27GVRU4HU,Yasser Ladera
2227,SUYN14DIRYF,Aldair Minchola
8865,2UZQKKCNWLN,Alonso Robles
7206,PB26TFA0W35,Ximena Casola
7582,KFVC5LLG084,Aldo Javier
6727,3PPMNK4CM0J,Marino Sanchez
8271,JDDNCTNWLC1,George Mendez
6892,EDLBACL86VE,Jose Montoya
1829,AYR3KOZ821E,Marino Sanchez
1500,I94448B2IQ6,Jorge Gonzalez
4570,64B9KKEV5E4,Nayeli Vera
3748,E2LJQMSA4QW,Jorge Gonzalez
2931,VYTZMZY8AKU,Leonel Ortega
3606,T0N7A0W4OPG,Piero Velarde
9535,G5DPYGST2NM,Matias Ascasibe
3356,TG33RZ7YT4W,Valeria Díaz
3441,9JIVC2211HE,Valeria Díaz
1327,C8ALNE1IP51,Leonardo Dueñas
8289,OJEZ53U7BF3,Flavio Castro
5200,BB3PKVQSHQF,Jorge Gonzalez
3388,L2S7AF8OS70,Jean Carlos Funes
9372,ASWIEC7P82Z,Renzo Ramos
3001,5PYQZYN0ZEU,Fabrizzio Castro
2056,QGJPQNU4G8G,Pedro Perez
9665,L02A8PM3G5B,Jorge Gonzalez
4474,IQ32I5DQD3E,Flavio Castro
6263,O3MKIAU2K8T,Lizbeth Olivera
3014,O5K9R05K9CF,Valery Ayasta
7691,7TW943598QK,Jesslinne Luján
9628,0GAURHE91VP,Alexander Motta
3892,7B7MAAVOGMG,Piero Velarde
1287,OAA7A31J3DF,Aldair Minchola
3578,NLPE3JDOOI3,Sara Estrada
2349,82WZL37LL9D,Lizbeth Olivera
3849,I8GWSBT3KEB,Marino Sanchez
7598,IPST7MATYH0,Diego Lucana
8291,RHDPCWYAGD5,Juan Saravia
3667,9QJB4ZLT8JO,Valery Ayasta
4083,FQ7NRWZIBOA,Leonel Ortega
1587,6S2LRQETLSN,Juan Porras
8379,JFDOY24ZPZ5,Norel Vidaurre
7180,MJKBC62FKSO,Claudia Palpán
6011,F7QENEVZ4FD,Luis Espinoza
4276,KBP4GEZCGFJ,Valeria Chavez
1354,8H08879BP9T,Steven Murillo
7082,JCGCK3736SN,Frezzia Espinoza
3836,344944JCECV,Franciso Guarniz
2126,JHJ6B64TR23,Luis Espinoza
1727,C1AV6TD0DHP,Paolo Checa
2022,PSF870KBEIY,Lucas Cubillas
2343,DJ1RZIAIFU9,Luis Espinoza
9599,D9UGCVF7Y1Q,Valeria Chavez
7119,23MJ2TIL2A5,Villegas Peralta
8906,PA6NJ6ENE4K,Nayeli Vera
3739,FGSDTBKG6TL,Maryorith Vera
5806,QATBWTDA7F1,Piero Velarde
8050,WDMJQA8S6Z9,Marcos Olivos
2050,IW8E4OBD62Z,Aldair Minchola
4180,N74M8APJQFL,Paolo Espejo
3085,NDQA5ODF239,John Sovero
3910,R8D0MSL7V9H,César Torres
5547,7OETB6VW1JB,Jhordan Chambi
6035,M34JRVN1Q76,Frezzia Espinoza
5527,IBWCDCJLVSI,Oscar Torres
5355,WZ8BWRQ0B7I,Leonel Ortega
2827,746MYTNHWN6,Arthur Luan
8124,34QQBI7UO11,Kurt Puican
7895,F41BFMEM1AA,Luis Espinoza
1558,2D9OJHSOBF2,Alejandro Pachas
8696,9IED9ITH6MB,André Arroyo
7252,4R5GPT0S9VA,Aldo Javier
4294,9TESFPCN7LS,Diana Flores
6630,TRJO5V52U6P,Alexander Sechun
2599,K4PEFLDDGJK,Marcos Olivos
4719,HYU1RYVVAS2,Jorge Gonzalez
8846,0A5JNBU0MHB,Jean Paul Galarza
9191,H315U5JEZSJ,Valeria Diaz
2903,V8BKS24BOIW,Fabrizzio Castro
1606,9QZ492BW9QQ,Alexander Justo
2511,V95W47A6FL8,Jefferson Gutierrez
1582,TDQ993QF3HL,Juan Porras
5426,1ZNG2UKHTJ0,Valentino Galindo
7631,EBP0U2NFTNC,Diego Lucana
1419,UHT0AVM1PVG,Miguel Huarcaya
3493,DIR94WP9TN6,Leonardo Patroccinio
3176,YH2C7TP9GHC,Andrea Gonzalez
6774,2YDWUOLGEL9,Fabricio Huilca
1166,HRN0WAGHBLF,Alejandro Pachas
2019,GBEHGIQG515,Piero Velarde
5782,GLT6874POUC,Fabrizzio Castro
6348,UO9QY0C67RK,Villegas Peralta
8801,WJ8JIOTMKI7,Diego Lucana
2794,WD4UVDOZ8M9,Alexander Justo
3616,41KW3S6UMHU,Ximena Casola
3870,BTBTMYS0DIK,Fabricio Huilca
2617,9HBPMZHRG3L,Alexander Sechun
8121,E62NUH6QTL7,Leonardo Dueñas
9318,ZSUF0R11SWD,Valeria Díaz
9067,U9M831SPNVV,Alexander Sechun
4264,3T3NK55ORMK,Alonso García
8119,MK8NAMUZ7YJ,Pedro Perez
9954,2SADLG1Q97O,Jorge Cavero
6215,90MLT1PJJRS,Marino Sanchez
9482,2ZDVHVMY4TW,Jhordan Chambi
4435,JMHSM3G5ZH4,Alexander Justo
6008,2C7647NQ2EB,Jorge Gonzalez
3404,UILSBG5QGIB,Alexander Justo
3822,LNWZSFKPJFO,Jean Carlos Funes
7584,ZFIY6UU14KZ,Marcos Olivos
1304,UUJ7LHI2U7K,Jean Paul Galarza
1382,4RU1S4J758A,Renzo Ramos
9406,A5J5LVOGVS2,Eduardo Chero
7208,VCB89W34ORS,Salomon Zegarra
6425,FD5RN55JE5B,Maryorith Vera
3866,W8L187T2I4U,Janover Saldaña
1349,3IPHPBGVJBG,Jorge Cavero
1387,5KKDG2P5YB1,Aldo Javier
9377,VLY8URFOMEF,Diego Lucana
3125,S2E53NLW3Q4,Alexander Justo
1748,H1ZQISUNY8G,Jorge Orrego
7088,I5SHJQA1ZPH,Villegas Peralta
1086,VEQNOAN43B7,Yasser Ladera
5858,WRZ9L8C0BUJ,Aldair Minchola
9967,2YZZT95UL6O,Julio Mamani
6702,HO1QGFLC3MK,Abel Cierto
4283,A87D2KG0JDM,Alexander Sechun
1891,PNZGR17FPOL,Pedro Rodríguez
3249,G0W9E2W3295,Alejandro Pachas
9915,63AC62IV313,Alonso García
8685,G25I4PJA37B,Juan Saravia
8872,CU6EQE9T13V,Valery Ayasta
4140,2NSMSRV1FLN,Alejandro Pachas
3137,CH9ZSP8ICU2,JeanPool Varillas
6566,U2OVNILDPSF,Valeria Chavez
5638,QOBVA1AY9OT,Carlos Chávez
6376,94DV34AII6O,Matias Ascasibe
7714,4IDLCLM5NUF,Fabrizzio Castro
4971,7O46519575D,Jhosaim Pocohuanca
6811,8DSLLO2TGW5,Flavio Castro
6767,22DBTBD02J4,Diego Torres
9837,EIWALN63UOA,Alonso Robles
1546,DEU1TYSC9QK,Leonardo Patroccinio
6016,3UAP25UFASG,Paolo Checa
8931,91VO5UFCY3T,Maryorith Vera
9901,2VHK4UZAQRL,Jefferson Gutierrez
7110,PDVNNJNB8RZ,Jefferson Gutierrez
5221,S3FTA1FGTVF,George Mendez
8623,YM5RF2JP3Y6,Johana Jheslin
3469,UFKEDB8Y1DB,George Mendez
8245,UMBQWO7M8W7,Marino Sanchez
9096,HQHKG5MY42A,Franciso Guarniz
8468,I27PE66QDAE,Franciso Guarniz
5439,DZTMUSUBZ1Y,Aldo Javier
3889,HGCBQQ0VCWH,André Arroyo
8232,1VDGS9UG8NV,Sara Estrada
5410,7F277U1KZDD,Marcos Olivos
2560,78PC1WCH06T,Alexander Sechun
6572,O3L9LFQ8FAH,Lizbeth Olivera
2687,ZUFM5M7LIF3,Ximena Casola
9120,LNYEEG71EA6,Diego Gonzalez
7253,MPMF2DD7IWH,Leonardo Dueñas
1351,40WIKOM2ZRM,Jean Paul Galarza
9685,S6BZTUT0HR8,Villegas Peralta
9455,4DVE0L8CGYD,Alonso Robles
5184,NRYC4W3B97D,Leonardo Dueñas
2302,IYIRRG05VTQ,Claudia Palpán
1776,IWC06JDOMO9,Alexander Sechun
3448,BT5EMSQ3VJY,Steven Murillo
4851,U8OC10D9MWH,Claudia Palpán
7610,FSG82F0WAMV,Arthur Luan
6856,TWK07534BIF,Valery Ayasta
9951,B9UMZ7FJ888,Alexander Sechun
3744,Q026RWOVQRJ,Frezzia Espinoza
3237,Y6LRPD30EID,Valeria Chavez
8765,V3CWVFEHEC7,Sara Estrada
3167,Y9S5Y4HU16A,Diego Lucana
6829,7JSW1IGV6VD,Frezzia Espinoza
3419,DT6IWY1B7MB,Luis Espinoza
9363,DOJP44LPULP,Arthur Luan
1220,AHAQ6A9L7RU,Edson Mendiolaza
1150,3KN653BCUAL,Jhosaim Pocohuanca
3899,1V6NNG3EZKL,Jhon Vereau
7174,KP5ALYND59D,Jefferson Gutierrez
1115,ZPHCRETFAVH,Fabricio Huilca
4691,8K72HLB5DRL,John Sovero
2701,JS37AR2S3PS,Valery Ayasta
4479,5YJR0FQM6J3,Renzo Ramos
6536,PUYWCYE83YV,Paolo Espejo
8432,ACYTG6HCD0K,Valery Ayasta
4738,0MFITAEN1DS,Jessica Comettant
9341,UWG0DI7LWLJ,Diana Flores
4611,ZGKTDVM21MM,Frezzia Espinoza
7950,0O7LN2ZHR0U,Diego Lucana
5032,1JIHKS11U61,Braulio Jarry
4675,HLDDFGT91KW,Marino Sanchez
1759,KYNMHNSL7A9,Xiao Li
1420,EYJ5VLTAKTH,Jhosaim Pocohuanca
6259,F7F9DAUTSJN,Flavio Castro
7948,5MNLV76TTYV,Valentino Galindo
5249,68PLUYALYRG,Kurt Puican
6101,WD9N8HQ56DR,Norel Vidaurre
4388,H2IJMHH57V3,David Roca
1369,06RJK9DLSVC,Leonardo Patroccinio
7899,D7OQTVRG0AJ,Diego Gonzalez
9316,E6SMUT3HJEQ,Abel Cierto
3280,2IG54PH3NNK,Alexander Justo
7246,BPGO9GRZJR0,Aldair Minchola
4519,SP0BQ68TITF,Gabriel Rocha
6900,49CIM8J22EY,Andrea Gonzalez
1164,NPE9SUJH4OT,Luis Reyes
9516,R9QCNOY3BPS,Janover Saldaña
1790,VQ7WABVB4PJ,Jhakelin Frynee
5689,IEWJCK3ZC5S,Jak Campos
1627,O84MJ3GYGV9,Jesslinne Luján
7451,E2BSOBP7FYN,Maryorith Vera
8456,8O195V26ENK,Carlos Chávez
4676,1QW30RMCMBN,Yasser Ladera
8366,0JWBZ24L24U,Juliana Flores
7986,2GCZNA4I1H6,Alonso Robles
2745,7U6GLUUWLOK,Lucas Cubillas
3024,JKCEVGCNUIF,Matias Ascasibe
6607,ZELKLAAJGOJ,Edson Mendiolaza
9456,W6WU1ZR5LGQ,Ricardo Tejada
6619,TAJRV06VVJK,Sergio Tavara
1229,PNNDS8ZLA52,Fabrizzio Castro
9442,PTC3IIUN4KA,Villegas Peralta
2671,41JMJNK94YF,Lizbeth Olivera
9678,R8D4ICGQG8Z,Oscar Torres
6980,CRZZLKCPV42,Edson Mendiolaza
7625,YVYVK5NCSJH,Frezzia Espinoza
1492,3G7SV5NYG0U,Alonso Robles
6667,D4MUVIKS1ZQ,Jefferson Gutierrez
8556,T8AS5DU2MRC,Juan Porras
6760,B2H2700FI00,Gabriel Rocha
8384,VZ7VFND5044,Salomon Zegarra
1789,AQG8T99YC91,Jak Campos
9039,CRL2D8WOL3B,Julio Mamani
5226,DSMAYORA4CA,Deivis Condezo
8584,MZYSK2SVWNA,Alexander Motta
3499,ZKFN45LZJGR,Abel Cierto
